CLAVE|DESCRIPCION|DESCRIPCION_BUSQUEDA|LINEA|GRABADO|COLOR|LONGITUD|ANCHO|ESPESOR|PRECIO|INVENTARIO
1.22*12.20OP6|POL. CELULAR 1.22*12.20 BLANCO 6.0MM|POLICARBONATO CELULAR 122X1220 BLANCO 6MM|POL|LISO|BLANCO|12.2|1.22|6|3036|
1.22*2.44C6|POL. CELULAR 1.22*2.44 CRISTAL  6.0MM|POLICARBONATO CELULAR 122X244 CRISTAL 6MM|POL|LISO|CRISTAL|2.44|1.22|6|580|
12*12OP6|POL.CELULAR 1.22*1.22  CRISTAL  6.0MM|POLICARBONATO CELULAR 122X122 CRISTAL 6MM|POL|LISO|CRISTAL|1.22|1.22|6|2902|
122*1220A6|POL. CELULAR 1.22*12.20 AZUL 6.0MM|POLICARBONATO CELULAR 122X1220 AZUL 6MM|POL|LISO|AZUL|12.2|1.22|6|3036|
122*1220B6|POL. CELULAR 1.22*12.20 BRONCE 6.0MM|POLICARBONATO CELULAR 122X1220 BRONCE 6MM|POL|LISO|BRONCE|12.2|1.22|6|3036|
122*1220B8|POL. CELULAR 1.22*12.20 BRONCE 8.0MM|POLICARBONATO CELULAR 122X1220 BRONCE 8MM|POL|DOLARES|BRONCE|12.2|1.22|8|0|
122*1220C8|POL. CELULAR 1.22*12.20 CRISTAL 8.0MM|POLICARBONATO CELULAR 122X1220 CRISTAL 6MM|POL|LISO|CRISTAL|12.2|1.22|8|0|
122*1220G6|POL. CELULAR 1.22*12.20 GRIS 6.0MM|POLICARBONATO CELULAR 122X1220 GRIS 6MM|POL|LISO|GRIS|12.2|1.22|6|3036|
122*1220OP8|POL. CELULAR 1.22*12.20 BLANCO 8.0MM|POLICARBONATO CELULAR 122X1220 BLANCO 6MM|POL|LISO|BLANCO|12.2|1.22|8|0|
122*1220V6|POL. CELULAR 1.22*12.20 VERDE 6.0MM|POLICARBONATO CELULAR 122X1220 VERDE 6MM|POL|LISO|VERDE|12.2|1.22|6|3036|
122*244A6|POL. CELULAR 1.22*2.44 AZUL 6.0MM|POLICARBONATO CELULAR 122X244 AZUL 6MM|POL|LISO|AZUL|2.44|1.22|6|607|
122*244B6|POL. CELULAR  1.22*2.44 BRONCE 6.0MM|POLICARBONATO CELULAR 122X244 BRONCE 6MM|POL|LISO|BRONCE|2.44|1.22|6|607|
122*244B6E|POL. SOLIDO 1.22*2.44 EXT. BRONCE 6.0MM|POLICARBONATO SOLIDO 122X244 EXTERIOR BRONCE 6MM|POL SOL|DOLARES|BRONCE|2.44|1.22|6|0|
122*244C3EXT|POL. SOLIDO 1.22*2.44 EXT. CRISTAL 3.0MM|POLICARBONATO SOLIDO 122X244 EXTERIOR CRISTAL 3MM|POL SOL|DOLARES|CRISTAL|2.44|1.22|3|0|
122*244CS6I|POL. SOLIDO 1.22*2.44 INT. CRISTAL 6.0MM|POLICARBONATO SOLIDO 122X244 INTERIOR CRISTAL 6MM|POL SOL|DOLARES|CRISTAL|2.44|1.22|6|0|
122*244CSI|POL. SOLIDO 1.22*2.44 INT. CRISTAL 3.0MM|POLICARBONATO SOLIDO 122X244 INTERIOR CRISTAL 3MM|POL SOL|DOLARES|CRISTAL|2.44|1.22|3|0|
122*244G6|POL. CELULAR 1.22*2.44 GRIS 6.0MM|POLICARBONATO CELULAR 122X244 GRIS 6MM|POL|LISO|GRIS|2.44|1.22|6|607|
122*244OP6|POL. CELULAR 1.22*2.44 BLANCO 6.0MM|POLICARBONATO CELULAR 122X244 BLANCO 6MM|POL|LISO|BLANCO|2.44|1.22|6|607|
122*244V6|POL. CELULAR 1.22*2.44 VERDE 6.0MM|POLICARBONATO CELULAR 122X244 VERDE 6MM|POL|LISO|VERDE|2.44|1.22|6|607|
122*366A6|POL. CELULAR 1.22*3.66 AZUL 6.0MM|POLICARBONATO CELULAR 122X366 AZUL 6MM|POL|LISO|AZUL|3.66|1.22|6|911|
122*366B6|POL. CELULAR 1.22*3.66 BRONCE 6.0MM|POLICARBONATO CELULAR 122X366 BRONCE 6MM|POL|LISO|BRONCE|3.66|1.22|6|911|
122*366C6|POL. CELULAR 1.22*3.66 CRISTAL 6.0MM|POLICARBONATO CELULAR 122X366 CRISTAL 6MM|POL|LISO|CRISTAL|3.66|1.22|6|871|
122*366G6|POL. CELULAR 1.22*3.66 GRIS 6.0MM|POLICARBONATO CELULAR 122X366 GRIS 6MM|POL|LISO|GRIS|3.66|1.22|6|911|
122*366OP6|POL. CELULAR 1.22*3.66 BLANCO 6.0MM|POLICARBONATO CELULAR 122X366 BLANCO 6MM|POL|LISO|BLANCO|3.66|1.22|6|911|
122*366V6|POL. CELULAR 1.22*3.66 VERDE 6.0MM|POLICARBONATO CELULAR 122X366 VERDE 6MM|POL|LISO|VERDE|3.66|1.22|6|911|
122*488A6|POL. CELULAR 1.22*4.88 AZUL 6.0MM|POLICARBONATO CELULAR 122X488 AZUL 6MM|POL|LISO|AZUL|4.88|1.22|6|1215|
122*488B6|POL. CELULAR 1.22*4.88 BRONCE 6.0MM|POLICARBONATO CELULAR 122X488 BRONCE 6MM|POL|LISO|BRONCE|4.88|1.22|6|1215|
122*488C6|POL. CELULAR 1.22*4.88 CRISTAL 6.0MM|POLICARBONATO CELULAR 122X488 CRISTAL 6MM|POL|LISO|CRISTAL|4.88|1.22|6|1161|
122*488G6|POL. CELULAR 1.22*4.88 GRIS 6.0MM|POLICARBONATO CELULAR 122X488 GRIS 6MM|POL|LISO|GRIS|4.88|1.22|6|1215|
122*488OP6|POL. CELULAR 1.22*4.88 BLANCO 6.0MM|POLICARBONATO CELULAR 122X488 BLANCO 6MM|POL|LISO|BLANCO|4.88|1.22|6|1215|
122*488V6|POL.CELULAR 1.22*4.88 VERDE 6.0MM|POLICARBONATO CELULAR 122X488 VERDE 6MM|POL|LISO|VERDE|4.88|1.22|6|1215|
122*610A6|POL. CELULAR 1.22*6.10 AZUL 6.0MM|POLICARBONATO CELULAR 122X610 AZUL 6MM|POL|LISO|AZUL|6.1|1.22|6|1518|
122*610B6|POL. CELULAR 1.22*6.10 BRONCE 6.0MM|POLICARBONATO CELULAR 122X610 BRONCE 6MM|POL|LISO|BRONCE|6.1|1.22|6|1518|
122*610C6|POL. CELULAR  1.22*6.10 CRISTAL 6.0MM|POLICARBONATO CELULAR 122X610 CRISTAL 6MM|POL|LISO|CRISTAL|6.1|1.22|6|1451|
122*610G6|POL. CELULAR 1.22*6.10 GRIS 6.0MM|POLICARBONATO CELULAR 122X610 CRISTAL 6MM|POL|LISO|GRIS|6.1|1.22|6|1518|
122*610OP6|POL. CELULAR 1.22*6.10 BLANCO 6.0MM|POLICARBONATO CELULAR 122X610 BLANCO 6MM|POL|LISO|BLANCO|6.1|1.22|6|1518|
122*610V6|POL. CELULAR 1.22*6.10 VERDE 6.0MM|POLICARBONATO CELULAR 122X610 VERDE 6MM|POL|LISO|VERDE|6.1|1.22|6|1518|
122*732A6|POL. CELULAR 1.22*7.32 AZUL 6.0MM|POLICARBONATO CELULAR 122X732 AZUL 6MM|POL|LISO|AZUL|7.32|1.22|6|1822|
122*732B6|POL. CELULAR 1.22*7.32 BRONCE 6.0MM|POLICARBONATO CELULAR 122X732 BRONCE 6MM|POL|LISO|BRONCE|7.32|1.22|6|1822|
122*732C6|POL. CELULAR 1.22*7.32 CRISTAL 6.0MM|POLICARBONATO CELULAR 122X732 CRISTAL 6MM|POL|LISO|CRISTAL|7.32|1.22|6|1741|
122*732G6|POL. CELULAR 1.22*7.32 GRIS 6.0MM|POLICARBONATO CELULAR 122X732 GRIS 6MM|POL|LISO|GRIS|7.32|1.22|6|1822|
122*732OP6|POL. CELULAR 1.22*7.32 BLANCO 6.0MM|POLICARBONATO CELULAR 122X732 BLANCO 6MM|POL|LISO|BLANCO|7.32|1.22|6|1822|
122*732V6|POL. CELULAR 1.22*7.32 VERDE 6.0MM|POLICARBONATO CELULAR 122X732 VERDE 6MM|POL|LISO|VERDE|7.32|1.22|6|1822|
122*854A6|POL. CELULAR 1.22*8.54 AZUL 6.0MM|POLICARBONATO CELULAR 122X854 AZUL 6MM|POL|LISO|AZUL|8.54|1.22|6|2125|
122*854B6|POL. CELULAR 1.22*8.54 BRONCE 6.0MM|POLICARBONATO CELULAR 122X854 BRONCE 6MM|POL|LISO|BRONCE|8.54|1.22|6|2125|
122*854C6|POL. CELULAR 1.22*8.54 CRISTAL 6.0MM|POLICARBONATO CELULAR 122X854 CRISTAL 6MM|POL|LISO|CRISTAL|8.54|1.22|6|2032|
122*854G6|POL. CELULAR 1.22*8.54 GRIS 6.0MM|POLICARBONATO CELULAR 122X854 GRIS 6MM|POL|LISO|GRIS|8.54|1.22|6|2125|
122*854OP6|POL. CELULAR 1.22*8.54 BLANCO 6.0MM|POLICARBONATO CELULAR 122X854 BLANCO 6MM|POL|LISO|BLANCO|8.54|1.22|6|2125|
122*854V6|POL. CELULAR 1.22*8.54 VERDE 6.0MM|POLICARBONATO CELULAR 122X854 VERDE 6MM|POL|LISO|VERDE|8.54|1.22|6|2125|
122*976A6|POL. CELULAR 1.22*9.76 AZUL 6.0MM|POLICARBONATO CELULAR 122X976 AZUL 6MM|POL|LISO|AZUL|9.76|1.22|6|2429|
122*976B6|POL. CELULAR 1.22*9.76 BRONCE 6.0MM|POLICARBONATO CELULAR 122X976 BRONCE 6MM|POL|LISO|BRONCE|9.76|1.22|6|2429|
122*976C6|POL. CELULAR 1.22*9.76 CRISTAL 6.0MM|POLICARBONATO CELULAR 122X976 CRISTAL 6MM|POL|LISO|CRISTAL|9.76|1.22|6|2322|
122*976G6|POL. CELULAR 1.22*9.76 GRIS 6.0MM|POLICARBONATO CELULAR 122X976 GRIS 6MM|POL|LISO|GRIS|9.76|1.22|6|2429|
122*976OP6|POL. CELULAR 1.22*9.76 BLANCO 6.0MM|POLICARBONATO CELULAR 122X976 BLANCO 6MM|POL|LISO|BLANCO|9.76|1.22|6|2429|
122*976V6|POL. CELULAR 1.22*9.76 VERDE 6.0MM|POLICARBONATO CELULAR 122X976 VERDE 6MM|POL|LISO|VERDE|9.76|1.22|6|2429|
1220PERLECENTE|POL.CEL. 2.10*12.20 GRIS PERLECENTE|POLICARBONATO CELULAR 210X1220 GRIS PERLECENTE 6MM|POL|LISO|GRIS|12.2|2.1|6|5226|
127AMARILLA|LAMINA T/RURAL 1.20 *1.27 AMARILLA|LAMINA RURAL 120X127 AMARILLA|LAM|LISO|AMARILLA|1.27|1.2|1.8|168|
127BLANCA|LAMINA T/RURAL 1.20 *1.27 BLANCA|LAMINA RURAL 120X127 BLANCA|LAM|LISO|BLANCO|1.27|1.2|1.8|168|
127VERDE|LAMINA T/RURAL 1.20 *1.27 VERDE|LAMINA RURAL 120X127 VERDE|LAM|LISO|VERDE|1.27|1.2|1.8|168|
145*25LISA|ROLLO DE LAMINA LISA 1.45*25.00 MTS|ROLLO LAMINA LISA 145X25|LAM|LISO|BLANCO|25|1.45|1.8|5329|
1812PERLECENTE|POL.CEL.1.22*12.20 GRIS PERLECENTE|POLICARBONATO CELULAR 122X1220 GRIS PERLECENTE 6MM|POL|LISO|GRIS|12.2|1.22|6|3036|
183*1220A6|POL. CELULAR 1.83*12.20 AZUL 6.0MM|POLICARBONATO CELULAR 183X1220 AZUL 6MM|POL|LISO|AZUL|12.2|1.83|6|4555|
183*1220B6|POL. CELULAR 1.83*12.20 BRONCE 6.0MM|POLICARBONATO CELULAR 183X1220 BRONCE 6MM|POL|LISO|BRONCE|12.2|1.83|6|4555|
183*1220B8|POL. CELULAR 1.83*12.20 BRONCE 8.0MM|POLICARBONATO CELULAR 183X1220 BRONCE 8MM|POL|DOLARES|BRONCE|12.2|1.83|6|0|
183*1220C10|POL. CELULAR 1.83*12.20 CRISTAL  10.0MM|POLICARBONATO CELULAR 183X1220 CRISTAL 10MM|POL|DOLARES|CRISTAL|12.2|1.83|6|0|
183*1220C6|POL. CELULAR 1.83*12.20 CRISTAL 6.0MM|POLICARBONATO CELULAR 183X1220 CRISTAL 6MM|POL|LISO|CRISTAL|12.2|1.83|6|4354|
183*1220C8|POL. CELULAR 1.83*12.20 CRISTAL 8.0MM|POLICARBONATO CELULAR 183X1220 CRISTAL 8MM|POL|DOLARES|CRISTAL|12.2|1.83|6|0|
183*1220G6|POL. CELULAR 1.83*12.20 GRIS 6.0MM|POLICARBONATO CELULAR 183X1220 GRIS 6MM|POL|LISO|GRIS|12.2|1.83|6|4555|
183*1220OP6|POL. CELULAR 1.83*12.20 BLANCO 6.0MM|POLICARBONATO CELULAR 183X1220 BLANCO 6MM|POL|LISO|BLANCO|12.2|1.83|6|4555|
183*1220OP8|POL. CELULAR 1.83*12.20 BLANCO 8.0MM|POLICARBONATO CELULAR 183X1220 BLANCO 8MM|POL|DOLARES|BLANCO|12.2|1.83|6|0|
183*1220V6|POL. CELULAR 1.83*12.20 VERDE 6.0MM|POLICARBONATO CELULAR 183X1220 VERDE 6MM|POL|LISO|VERDE|12.2|1.83|6|4555|
183*244A6|POL. CELULAR 1.83*2.44 AZUL 6.0MM|POLICARBONATO CELULAR 183X244 AZUL 6MM|POL|LISO|AZUL|2.44|1.83|6|911|
183*244B6|POL. CELULAR 1.83*2.44 BRONCE 6.0MM|POLICARBONATO CELULAR 183X244 BRONCE 6MM|POL|LISO|BRONCE|2.44|1.83|6|911|
183*244C6|POL. CELULAR  1.83*2.44 CRISTAL 6.0MM|POLICARBONATO CELULAR 183X244 CRISTAL 6MM|POL|LISO|CRISTAL|2.44|1.83|6|871|
183*244C6E|POL. SOLIDO 1.83*2.44 CRISTAL 6.0MM EXT.|POLICARBONATO SOLIDO 183X244 EXTERIOR CRISTAL 6MM|POL|DOLARES|CRISTAL|2.44|1.83|6|0|
183*244CE|POL. SOLIDO 1.83*2.44 CRISTAL 3.0MM EXT.|POLICARBONATO SOLIDO 183X244 EXTERIOR CRISTAL 3MM|POL|DOLARES|CRISTAL|2.44|1.83|6|0|
183*244CSI3|POL. SOLIDO 1.83*2.44 CRISTAL 3.0MM INT.|POLICARBONATO SOLIDO 183X244 INTERIOR CRISTAL 3MM|POL|DOLARES|CRISTAL|2.44|1.83|6|0|
183*244G6|POL. CELULAR 1.83*2.44 GRIS 6.0MM|POLICARBONATO CELULAR 183X244 GRIS 6MM|POL|LISO|GRIS|2.44|1.83|6|911|
183*244OP6|POL. CELULAR 1.83*2.44 BLANCO 6.0MM|POLICARBONATO CELULAR 183X244 BLANCO 6MM|POL|LISO|BLANCO|2.44|1.83|6|911|
183*244V6|POL. CELULAR 1.83*2.44 VERDE 6.0MM|POLICARBONATO CELULAR 183X244 VERDE 6MM|POL|LISO|VERDE|2.44|1.83|6|911|
183*366A6|POL. CELULAR 1.83*3.66 AZUL 6.0MM|POLICARBONATO CELULAR 183X366 AZUL 6MM|POL|LISO|AZUL|3.66|1.83|6|1366|
183*366B6|POL. CELULAR 1.83*3.66 BRONCE 6.0MM|POLICARBONATO CELULAR 183X366 BRONCE 6MM|POL|LISO|BRONCE|3.66|1.83|6|1366|
183*366C6|POL. CELULAR 1.83*3.66 CRISTAL 6.0MM|POLICARBONATO CELULAR 183X366 CRISTAL 6MM|POL|LISO|CRISTAL|3.66|1.83|6|1306|
183*366G6|POL. CELULAR 1.83*3.66 GRIS 6.0MM|POLICARBONATO CELULAR 183X366 GRIS 6MM|POL|LISO|GRIS|3.66|1.83|6|1366|
183*366OP6|POL. CELULAR 1.83*3.66 BLANCO 6.0MM|POLICARBONATO CELULAR 183X366 BLANCO 6MM|POL|LISO|BLANCO|3.66|1.83|6|1366|
183*366V6|POL. CELULAR 1.83*3.66 VERDE 6.0MM|POLICARBONATO CELULAR 183X366 VERDE 6MM|POL|LISO|VERDE|3.66|1.83|6|1366|
183*488A6|POL. CELULAR 1.83*4.88 AZUL 6.0MM|POLICARBONATO CELULAR 183X488 AZUL 6MM|POL|LISO|AZUL|4.88|1.83|6|1822|
183*488B6|POL. CELULAR 1.83*4.88 BRONCE 6.0MM|POLICARBONATO CELULAR 183X488 BRONCE 6MM|POL|LISO|BRONCE|4.88|1.83|6|1822|
183*488C6|POL. CELULAR 1.83*4.88 CRISTAL 6.0MM|POLICARBONATO CELULAR 183X488 CRISTAL 6MM|POL|LISO|CRISTAL|4.88|1.83|6|1741|
183*488G6|POL. CELULAR 1.83*4.88 GRIS 6.0MM|POLICARBONATO CELULAR 183X488 GRIS 6MM|POL|LISO|GRIS|4.88|1.83|6|1822|
183*488OP6|POL. CELULAR 1.83*4.88 BLANCO 6.0MM|POLICARBONATO CELULAR 183X488 BLANCO 6MM|POL|LISO|BLANCO|4.88|1.83|6|1822|
183*488V6|POL. CELULAR 1.83*4.88 VERDE 6.0MM|POLICARBONATO CELULAR 183X488 VERDE 6MM|POL|LISO|VERDE|4.88|1.83|6|1822|
183*610A6|POL. CELULAR 1.83*6.10 AZUL 6.0MM|POLICARBONATO CELULAR 183X610 AZUL 6MM|POL|LISO|AZUL|6.1|1.83|6|2277|
183*610B6|POL. CELULAR 1.83*6.10 BRONCE 6.0MM|POLICARBONATO CELULAR 183X610 BRONCE 6MM|POL|LISO|BRONCE|6.1|1.83|6|2277|
183*610C6|POL. CELULAR 1.83*6.10 CRISTAL 6.0MM|POLICARBONATO CELULAR 183X610 CRISTAL 6MM|POL|LISO|CRISTAL|6.1|1.83|6|2177|
183*610G6|POL. CELULAR 1.83*6.10 GRIS 6.0MM|POLICARBONATO CELULAR 183X610 GRIS 6MM|POL|LISO|GRIS|6.1|1.83|6|2277|
183*610OP6|POL. CELULAR  1.83 *6.10 BLANCO 6.0MM|POLICARBONATO CELULAR 183X610 BLANCO 6MM|POL|LISO|BLANCO|6.1|1.83|6|2277|
183*610V6|POL. CELULAR 1.83*6.10 VERDE 6.0MM|POLICARBONATO CELULAR 183X610 VERDE 6MM|POL|LISO|VERDE|6.1|1.83|6|2277|
183*732A6|POL. CELULAR 1.83*7.32 AZUL 6.0MM|POLICARBONATO CELULAR 183X732 AZUL 6MM|POL|LISO|AZUL|7.32|1.83|6|2733|
183*732B6|POL. CELULAR 1.83*7.32 BRONCE 6.0MM|POLICARBONATO CELULAR 183X732 BRONCE 6MM|POL|LISO|BRONCE|7.32|1.83|6|2733|
183*732C6|POL. CELULAR 1.83*7.32 CRISTAL 6.0MM|POLICARBONATO CELULAR 183X732 CRISTAL 6MM|POL|LISO|CRISTAL|7.32|1.83|6|2612|
183*732G6|POL. CELULAR  1.83*7.32 GRIS 6.0MM|POLICARBONATO CELULAR 183X732 GRIS 6MM|POL|LISO|GRIS|7.32|1.83|6|2733|
183*732OP6|POL. CELULAR 1.83*7.32 BLANCO 6.0MM|POLICARBONATO CELULAR 183X732 BLANCO 6MM|POL|LISO|BLANCO|7.32|1.83|6|2733|
183*732V6|POL. CELULAR 1.83*7.32 VERDE 6.0 MM|POLICARBONATO CELULAR 183X732 VERDE 6MM|POL|LISO|VERDE|7.32|1.83|6|2733|
183*854A6|POL. CELULAR 1.83*8.54 AZUL 6.0MM|POLICARBONATO CELULAR 183X854 AZUL 6MM|POL|LISO|AZUL|8.54|1.83|6|3188|
183*854B6|POL. CELULAR 1.83*8.54 BRONCE  6.0MM|POLICARBONATO CELULAR 183X854 BRONCE 6MM|POL|LISO|BRONCE|8.54|1.83|6|3188|
183*854C6|POL. CELULAR 1.83*8.54 CRISTAL 6.0MM|POLICARBONATO CELULAR 183X854 CRISTAL 6MM|POL|LISO|CRISTAL|8.54|1.83|6|3047|
183*854G6|POL. CELULAR 1.83*8.54 GRIS 6.0MM|POLICARBONATO CELULAR 183X854 GRIS 6MM|POL|LISO|GRIS|8.54|1.83|6|3188|
183*854OP6|POL. CELULAR 1.83*8.54 BLANCO 6.0MM|POLICARBONATO CELULAR 183X854 BLANCO 6MM|POL|LISO|BLANCO|8.54|1.83|6|3188|
183*976A6|POL. CELULAR 1.83*9.76 AZUL 6.0MM|POLICARBONATO CELULAR 183X976 AZUL 6MM|POL|LISO|AZUL|9.76|1.83|6|3644|
183*976B6|POL. CELULAR 1.83*9.76 BRONCE 6.0MM|POLICARBONATO CELULAR 183X976 BRONCE 6MM|POL|LISO|BRONCE|9.76|1.83|6|3644|
183*976C6|POL. CELULAR 1.83*9.76 CRISTAL 6.0MM|POLICARBONATO CELULAR 183X976 CRISTAL 6MM|POL|LISO|CRISTAL|9.76|1.83|6|3483|
183*976G6|POL. CELULAR 1.83*9.76 GRIS 6.0MM|POLICARBONATO CELULAR 183X976 GRIS 6MM|POL|LISO|GRIS|9.76|1.83|6|3644|
183*976OP6|POL. CELULAR 1.83*9.76 BLANCO 6.0MM|POLICARBONATO CELULAR 183X976 BLANCO 6MM|POL|LISO|BLANCO|9.76|1.83|6|3644|
183*976V6|POL. CELULAR 1.83*9.76 VERDE 6.0MM|POLICARBONATO CELULAR 183X976 VERDE 6MM|POL|LISO|VERDE|9.76|1.83|6|3644|
183PERLECENTE|POL. CELULAR 1.83*12.20 GRIS PERLECENTE|POLICARBONATO CELULAR 183X1220 GRIS PERLECENTE 6MM|POL|LISO|GRIS|12.2|1.83|6|4555|
210*1220A6|POL. CELULAR 2.10*12.20 AZUL 6.0MM|POLICARBONATO CELULAR 210X1220 AZUL 6MM|POL|LISO|AZUL|12.2|2.1|6|5226|
210*1220B6|POL. CELULAR 2.10*12.20 BRONCE 6.0MM|POLICARBONATO CELULAR 210X1220 BRONCE 6MM|POL|LISO|BRONCE|12.2|2.1|6|5226|
210*1220B8|POL. CELULAR 2.10*12.20 BRONCE 8.0MM|POLICARBONATO CELULAR 210X1220 BRONCE 8MM|POL|LISO|BRONCE|12.2|2.1|8|5226|
210*1220C6|POL. CELULAR 2.10*12.20 CRISTAL 6.0MM|POLICARBONATO CELULAR 210X1220 CRISTAL 6MM|POL|LISO|CRISTAL|12.2|2.1|6|4996|
210*1220C8|POL. CELULAR 2.10*12.20 CRISTAL 8.0MM|POLICARBONATO CELULAR 210X1220 CRISTAL 8MM|POL|DOLARES|CRISTAL|12.2|2.1|8|0|
210*1220G6|POL. CELULAR 2.10*12.20 GRIS 6.0MM|POLICARBONATO CELULAR 210X1220 GRIS 6MM|POL|LISO|GRIS|12.2|2.1|6|5226|
210*1220OP6|POL. CELULAR 2.10*12.20 BLANCO 6.0MM|POLICARBONATO CELULAR 210X1220 BLANCO 6MM|POL|LISO|BLANCO|12.2|2.1|6|5226|
210*1220OP8|POL. CELULAR 2.10*12.20 BLANCO 8.0MM|POLICARBONATO CELULAR 210X1220 BLANCO 8MM|POL|DOLARES|BLANCO|12.2|2.1|8|0|
210*1220V6|POL. CELULAR 2.10*12.20 VERDE 6.0MM|POLICARBONATO CELULAR 210X1220 VERDE 6MM|POL|LISO|VERDE|12.2|2.1|6|5226|
210*244A6|POL. CELULAR 2.10*2.44 AZUL 6.0MM|POLICARBONATO CELULAR 210X244 AZUL 6MM|POL|LISO|AZUL|2.44|2.1|6|1045|
210*244B6|POL. CELULAR 2.10*2.44 BRONCE 6.0MM|POLICARBONATO CELULAR 210X244 BRONCE 6MM|POL|LISO|BRONCE|2.44|2.1|6|1045|
210*244C6|POL. CELULAR 2.10*2.44 CRISTAL 6.0MM|POLICARBONATO CELULAR 210X244 CRISTAL 6MM|POL|LISO|CRISTAL|2.44|2.1|6|999|
210*244G6|POL.CELULAR 2.10*2.44 GRIS 6.0MM|POLICARBONATO CELULAR 210X244 GRIS 6MM|POL|LISO|GRIS|2.44|2.1|6|1045|
210*244OP6|POL. CELULAR 2.10*2.44 BLANCO 6.0MM|POLICARBONATO CELULAR 210X244 BLANCO 6MM|POL|LISO|BLANCO|2.44|2.1|6|1045|
210*244V6|POL. CELULAR 2.10*2.44 VERDE 6.0MM|POLICARBONATO CELULAR 210X244 VERDE 6MM|POL|LISO|VERDE|2.44|2.1|6|1045|
210*366A6|POL. CELULAR 2.10*3.66 AZUL 6.0MM|POLICARBONATO CELULAR 210X366 AZUL 6MM|POL|LISO|AZUL|3.66|2.1|6|1568|
210*366B6|POL. CELULAR 2.10*3.66 BRONCE 6.0MM|POLICARBONATO CELULAR 210X366 BRONCE 6MM|POL|LISO|BRONCE|3.66|2.1|6|1568|
210*366C6|POL. CELULAR 2.10*3.66 CRISTAL 6.0MM|POLICARBONATO CELULAR 210X366 CRISTAL 6MM|POL|LISO|CRISTAL|3.66|2.1|6|1499|
210*366G6|POL. CELULAR 2.10*3.66 GRIS 6.0MM|POLICARBONATO CELULAR 210X366 GRIS 6MM|POL|LISO|GRIS|3.66|2.1|6|1568|
210*366OP6|POL. CELULAR 2.10*3.66 BLANCO 6.0MM|POLICARBONATO CELULAR 210X366 BLANCO 6MM|POL|LISO|BLANCO|3.66|2.1|6|1568|
210*366V6|POL. CELULAR 2.10*3.66 VERDE 6.0MM|POLICARBONATO CELULAR 210X366 VERDE 6MM|POL|LISO|VERDE|3.66|2.1|6|1568|
210*488A6|POL. CELULAR 2.10*4.88 AZUL 6.0MM|POLICARBONATO CELULAR 210X488 AZUL 6MM|POL|LISO|AZUL|4.88|2.1|6|2091|
210*488B6|POL. CELULAR 2.10*4.88 BRONCE 6.0MM|POLICARBONATO CELULAR 210X488 BRONCE 6MM|POL|LISO|BRONCE|4.88|2.1|6|2091|
210*488C6|POL. CELULAR 2.10*4.88 CRISTAL 6.0MM|POLICARBONATO CELULAR 210X488 CRISTAL 6MM|POL|LISO|CRISTAL|4.88|2.1|6|1998|
210*488G6|POL. CELULAR 2.10*4.88 GRIS  6.0MM|POLICARBONATO CELULAR 210X488 GRIS 6MM|POL|LISO|GRIS|4.88|2.1|6|2091|
210*488OP6|POL. CELULAR 2.10*4.88 BLANCO 6.0MM|POLICARBONATO CELULAR 210X488 BLANCO 6MM|POL|LISO|BLANCO|4.88|2.1|6|2091|
210*488V6|POL. CELULAR 2.10*4.88 VERDE 6.0MM|POLICARBONATO CELULAR 210X488 VERDE 6MM|POL|LISO|VERDE|4.88|2.1|6|2091|
210*610A6|POL. CELULAR 2.10*6.10 AZUL  6.0MM|POLICARBONATO CELULAR 210X610 AZUL 6MM|POL|LISO|AZUL|6.1|2.1|6|2613|
210*610B6|POL. CELULAR 2.10*6.10 BRONCE 6.0MM|POLICARBONATO CELULAR 210X610 BRONCE 6MM|POL|LISO|BRONCE|6.1|2.1|6|2613|
210*610C6|POL.CELULAR 2.10*610 CRISTAL 6.0MM|POLICARBONATO CELULAR 210X610 CRISTAL 6MM|POL|LISO|CRISTAL|6.1|2.1|6|2498|
210*610G6|POL.CELULAR 2.10*610 GRIS 6.0MM|POLICARBONATO CELULAR 210X610 GRIS 6MM|POL|LISO|GRIS|6.1|2.1|6|2613|
210*610OP6|POL. CELULAR 2.10*6.10 OPALINO 6.0MM|POLICARBONATO CELULAR 210X610 BLANCO 6MM|POL|LISO|BLANCO|6.1|2.1|6|2613|
210*610V6|POL. CELULAR 2.10*6.10 VERDE 6.0MM|POLICARBONATO CELULAR 210X610 VERDE 6MM|POL|LISO|VERDE|6.1|2.1|6|2613|
210*732A6|POL.CELULAR 2.10*732  AZUL 6.0MM|POLICARBONATO CELULAR 210X732 AZUL 6MM|POL|LISO|AZUL|7.32|2.1|6|3136|
210*732B6|POL.CELULAR 2.10*732 BRONCE 6.0MM|POLICARBONATO CELULAR 210X732 BRONCE 6MM|POL|LISO|BRONCE|7.32|2.1|6|3136|
210*732C6|POL.CELULAR 2.10*732 CRISTAL 6.0MM|POLICARBONATO CELULAR 210X732 CRISTAL 6MM|POL|LISO|CRISTAL|7.32|2.1|6|2998|
210*732G6|POL.CELULAR 2.10*732 GRIS 6.0MM|POLICARBONATO CELULAR 210X732 GRIS 6MM|POL|LISO|GRIS|7.32|2.1|6|3136|
210*732OP6|POL.CELULAR 2.10*732 BLANCO 6.0MM|POLICARBONATO CELULAR 210X732 BLANCO 6MM|POL|LISO|BLANCO|7.32|2.1|6|3136|
210*732V6|POL.CELULAR 2.10*732 VERDE 6.0MM|POLICARBONATO CELULAR 210X732 VERDE 6MM|POL|LISO|VERDE|7.32|2.1|6|3136|
210*854A6|POL.CELULAR 2.10*8.54 AZUL 6.0MM|POLICARBONATO CELULAR 210X854 AZUL 6MM|POL|LISO|AZUL|8.54|2.1|6|3659|
210*854B6|POL.CELULAR 2.10*8.54 BRONCE 6.0MM|POLICARBONATO CELULAR 210X854 BRONCE 6MM|POL|LISO|BRONCE|8.54|2.1|6|3659|
210*854C6|POL.CELULAR 2.10*8.54 CRISTAL 6.0MM|POLICARBONATO CELULAR 210X854 CRISTAL 6MM|POL|LISO|CRISTAL|8.54|2.1|6|3497|
210*854G6|POL.CELULAR 2.10*8.54 GRIS 6.0MM|POLICARBONATO CELULAR 210X854 GRIS 6MM|POL|LISO|GRIS|8.54|2.1|6|3659|
210*854OP6|POL.CELULAR 2.10*8.54 BLANCO 6.0MM|POLICARBONATO CELULAR 210X854 BLANCO 6MM|POL|LISO|BLANCO|8.54|2.1|6|3659|
210*854V6|POL.CELULAR 2.10*8.54 VERDE 6.0MM|POLICARBONATO CELULAR 210X854 VERDE 6MM|POL|LISO|VERDE|8.54|2.1|6|3659|
210*976A6|POL. CELULAR 2.10*9.76 AZUL 6.0MM|POLICARBONATO CELULAR 210X976 AZUL 6MM|POL|LISO|AZUL|9.76|2.1|6|4181|
210*976B6|POL. CELULAR 2.10*9.76 BRONCE 6.0MM|POLICARBONATO CELULAR 210X976 BRONCE 6MM|POL|LISO|BRONCE|9.76|2.1|6|4181|
210*976C6|POL. CELULAR 2.10*9.76 CRISTAL6.0MM|POLICARBONATO CELULAR 210X976 CRISTAL 6MM|POL|LISO|CRISTAL|9.76|2.1|6|3997|
210*976G6|POL. CELULAR 2.10*9.76 GRIS 6.0MM|POLICARBONATO CELULAR 210X976 GRIS 6MM|POL|LISO|GRIS|9.76|2.1|6|4181|
210*976OP6|POL. CELULAR 2.10*9.76 BLANCO 6.0MM|POLICARBONATO CELULAR 210X976 BLANCO 6MM|POL|LISO|BLANCO|9.76|2.1|6|4181|
244ASBP|LAMINA T/ASBESTO 1.00*2.44 POLIESTER|LAMINA ASBESTO 100X244 BLANCA|LAM|LISO|BLANCO|2.44|1|6|409|
244R101P|LAMINA T/R-101 1.07*2.44 POLIESTER|LAMINA R101 100X244 BLANCA|LAM|LISO|BLANCO|2.44|1.07|6|408|
244RIBB|LAMINA RIB 1.27*2.44  BRONCE|LAMINA RIB 127X244 BRONCE|LAM|DOLARES|BRONCE|2.44|1.27|1|0|
244RIBC|LAMINA RIB  1.27*2.44  CRISTAL|LAMINA RIB 127X244 CRISTAL|LAM|DOLARES|CRISTAL|2.44|1.27|1|0|
244RIBGRIS|LAMINA RIB  1.27*2.44  GRIS|LAMINA RIB 127X244 GRIS|LAM|DOLARES|GRIS|2.44|1.27|1|0|
244RIBOP|LAMINA RIB  1.27*2.44 BLANCA|LAMINA RIB 127X244 BLANCA|LAM|DOLARES|BLANCO|2.44|1.27|1|0|
254AMARILLA|LAMINA T/RURAL 1.20 *2.54 AMARILLA|LAMINA RURAL 120X254 AMARILLA|LAM|LISO|AMARILLO|2.54|1.2|1.8|336|
254BLANCA|LAMINA T/RURAL 1.20 *2.54 BLANCA|LAMINA RURAL 120X254 BLANCA|LAM|LISO|BLANCO|2.54|1.2|1.8|336|
254VERDE|LAMINA T/RURAL 1.20 *2.54 VERDE|LAMINA RURAL 120X254 VERDE|LAM|LISO|VERDE|2.54|1.2|1.8|336|
305AMARILLA|LAMINA T/RURAL 1.20*3.05 AMARILLA|LAMINA RURAL 120X305 AMARILLA|LAM|LISO|AMARILLO|3.05|1.2|1.8|403|
305ASBP|LAMINA T/ASBESTO 1.00*3.05 POLIESTER|LAMINA ASBESTO 100X305 BLANCA|LAM|LISO|BLANCO|3.05|1|1|512|
305BLANCA|LAMINA T/RURAL 1.20*3.05 BLANCA|LAMINA RURAL 120X305 BLANCA|LAM|LISO|BLANCO|3.05|1.2|1|403|
305BRONCERIB|LAMINA RIB1.27*3.05 BRONCE|LAMINA RIB 127X305 BRONCE|LAM|DOLARES|BRONCE|3.05|1.27|1|0|
305GALV|LAMINA R-101 1.07*305 GALVANIZADA|LAMINA GALVANIZADA R101 107X305|LAM|LISO|ALUMINIO|3.05|1.07|1|475|
305R101A|LAMINA T/R-101 1.07*305 ACRILICA|LAMINA R101 107X305 ACRILICA|LAM|LISO|BLANCO|3.05|1.07|1|913|
305R101P|LAMINA T/R-101 1.07*305 POLIESTER|LAMINA R101 107X305 POLIESTER|LAM|LISO|POLIESTER|3.05|1.07|1|511|
305RIBB|LAMINA RIB  1.27*3.05  BRONCE|LAMINA RIB 127X305 BRONCE|LAM|DOLARES|BRONCE|3.05|1.27|1|0|
305RIBC|LAMINA RIB 1.27*305 CRISTAL|LAMINA RIB 127X305 CRISTAL|LAM|DOLARES|CRISTAL|3.05|1.27|1|0|
305RIBOP|LAMINA RIB  1.27*3.05  BLANCO|LAMINA RIB 127X305 BLANCO|LAM|DOLARES|BLANCO|3.05|1.27|1|0|
305VERDE|LAMINA T/RURAL 1.20 *3.05 VERDE|LAMINA RURAL 120X305 VERDE|LAM|LISO|VERDE|3.05|1.27|1|403|
366ASBP|LAMINA T/ASBESTO 1.00*3.66 POLIESTER|LAMINA ASBESTO 100X366 POLIESTER|LAM|LISO|BLANCO|3.66|1|1|614|
366R101A|LAMINA T/R-101 1.07*3.66 ACRILICA|LAMINA R101 107X366 ACRILICA|LAM|LISO|BLANCO|3.66|1.07|1|1096|
366R101P|LAMINA T/R-101 1.07*3.66 POLIESTER|LAMINA R101 107X366 POLIESTER|LAM|LISO|BLANCO|3.66|1.07|1|613|
366RIBB|LAMINA RIB  1.27*3.66  BRONCE|LAMINA RIB 127X366 BRONCE|LAM|DOLARES|BRONCE|3.66|1.27|1|0|
366RIBC|LAMINA RIB  1.27*3.66  CRISTAL|LAMINA RIB 127X366 CRISTAL|LAM|DOLARES|CRISTAL|3.66|1.27|1|0|
366RIBGRIS|LAMINA RIB  1.27*3.66  HUMO|LAMINA RIB 127X366 HUMO|LAM|DOLARES|HUMO|3.66|1.27|1|0|
366RIBOP|LAMINA RIB  1.27*3.66  BLANCO|LAMINA RIB 127X366 BLANCO|LAM|DOLARES|BLANCO|3.66|1.27|1|0|
366RIBROMAC|LAMINA RIB 1.27*3.66 CRISTAL PUNTA ROMA|LAMINA RIB 127X366 CRISTAL PUNTA ROMA|LAM|DOLARES|CRISTAL|3.66|1.27|1|0|
381AMARILLA|LAMINA T/RURAL 1.20*3.81 AMARILLA|LAMINA RURAL 120X381 AMARILLA|LAM|LISO|AMARILLO|3.81|1.2|1.8|504|
381BLANCA|LAMINA T/RURAL 1.20*3.81 BLANCA|LAMINA RURAL 120X381 BLANCA|LAM|LISO|BLANCO|3.81|1.2|1.8|504|
381VERDE|LAMINA T/RURAL 1.20*3.81 VERDE|LAMINA RURAL 120X381 VERDE|LAM|LISO|VERDE|3.81|1.2|1.8|504|
488ASBP|LAMINA T/ASBESTO 1.00*4.88 POLIESTER|LAMINA ASBESTO 100X488 POLIESTER|LAM|LISO|BLANCO|4.88|1|1|819|
488R101P|LAMINA T/R-101 1.07*4.88 POLIESTER|LAMINA R101 107X488 POLIESTER|LAM|LISO|BLANCO|4.88|1.07|1|817|
488RIBC|LAMINA RIB 1.27*4.88 CRISTAL|LAMINA RIB 127X488 CRISTAL|LAM|DOLARES|CRISTAL|4.88|1.27|1|0|
488RIBH|LAMINA RIB  1.27*4.88 BRONCE|LAMINA RIB 127X488 BRONCE|LAM|DOLARES|BRONCE|4.88|1.27|1|0|
488RIBOP|LAMINA RIB  1.27*4.88 BLANCA|LAMINA RIB 127X488 BLANCA|LAM|DOLARES|BLANCO|4.88|1.27|1|0|
610ASBP|LAMINA T/ASBESTO 1.00*6.10 POLIESTER|LAMINA ASBESTO 100X610 POLIESTER|LAM|LISO|BLANCO|6.1|1|1.2|1024|
610BLANCA|LAMINAT/RURAL 1.20*6.10 BLANCA|LAMINA RURAL 120X610 BLANCA|LAM|LISO|BLANCO|6.1|1.2|1.2|807|
610R101A|LAMINA T/R-101 1.07*6.10 ACRILICA|LAMINA R101 107X610 ACRILICA|LAM|LISO|BLANCO|6.1|1.07|1.2|1827|
610R101P|LAMINA T/R-101 1.07*6.10 POLIESTER|LAMINA R101 107X610 POLIESTER|LAM|LISO|BLANCO|6.1|1.07|1.2|1021|
610RIBB|LAMINA RIB  1.27*6.10 BRONCE|LAMINA RIB 127X610 BRONCE|LAM|DOLARES|BRONCE|6.1|1.27|1|0|
610RIBOP|LAMINA RIB  1.27*6.10 BLANCA|LAMINA RIB 127X610 BLANCA|LAM|DOLARES|BLANCO|6.1|1.27|1|0|
732ASBP|LAMINA T/ASBESTO 1.00*7.32 POLIESTER|LAMINA ASBESTO 100X732 POLIESTER|LAM|LISO|BLANCO|7.32|1|1.2|1229|
732R101P|LAMINA T/R-101 1.07*7.32 POLIESTER|LAMINA R101 107X732 BLANCA POLIESTER|LAM|LISO|BLANCO|7.32|1.07|1.2|1226|
732RIBB|LAMINA RIB  1.27*7.32 BRONCE|LAMINA RIB 127X732 BRONCE|LAM|DOLARES|BRONCE|7.32|1.27|1|0|
732RIBOP|LAMINA RIB  1.27*7.32 BLANCO|LAMINA RIB 127X732 BLANCA|LAM|DOLARES|BLANCO|7.32|1.27|1|0|
732RIBROMAB|LAMINA T/RIB 1.27*3.66 BRONCE PUNTA ROMA|LAMINA RIB 127X366 BRONCE PUNTA ROMA|LAM|DOLARES|BRONCE|1.27|3.66|1|0|
90*25LISA|ROLLO DE LAMINA  LISA  .90*25.00 MTS BCO|ROLLO DE LAMINA LISA 90X25 BLANCO|LAM|LISO|BLANCO|25|0.9|1|3308|
ACR1|ACRILETA(S) .90*1.20 CRISTAL 5.6 MM C/L|ACRILETA 90X120 CON LENGÜETA|ACRILETA|LISO|CRISTAL|1.2|0.9|5.6|925|
ACR1A|ACRILETA(S) .90*1.20 CRISTAL 5.6 MM RECT|ACRILETA 90X120 RECTANGULAR|ACRILETA|LISO|CRISTAL|1.2|0.9|5.6|1020|
ACR2|ACRILETA(S) 1.20*1.50 CRISTAL 5.6 MM C/L|ACRILETA 120X150 CON LENGÜETA|ACRILETA|LISO|CRISTAL|1.5|1.2|5.6|1540|
ACR2A|ACRILETA(S) 1.20*1.50 CRISTAL 5.6 MM REC|ACRILETA 120X150 RECTANGULAR|ACRILETA|LISO|CRISTAL|1.5|1.2|5.6|1710|
ACR3|ACRILETA(S) 1.20*1.80 CRISTAL 5.6 MM C/L|ACRILETA 120X180 CON LENGÜETA|ACRILETA|LISO|CRISTAL|1.8|1.2|5.6|1850|
ACR3A|ACRILETA(S) 1.20*1.80 CRISTAL 5.6 MM REC|ACRILETA 120X180 RECTANGULAR|ACRILETA|LISO|CRISTAL|1.8|1.2|5.6|2050|
ADECRYL|ADECRYL EXTRA (BASE SOLVENTE) 960 ML|ADECRYL EXTRA|ADE|LISO|CRISTAL|0.2|0.1|100|160|
ADECRYL3|ADECRYL 3 COMPONENTES|ADECRYL 3 COMPONENTES|ADE|LISO|CRISTAL|0.2|0.1|100|235|
ADHESIVO AGUA|ADHESIVO FRANKLIN B/AGUA CUB.15.2 LTS|ADHESIVO FRANKLIN BASE AGUA|GLASLINER|DOLARES|CREMA|0.5|0.4|100|0|
ADHESIVOBSOLVENT|ADHESIVO FRANKLIN B/SOLVENTE CUB.19 LTS|ADHESIVO FRANKLIN BASE ACEITE|GLASLINER|DOLARES|CREMA|0.5|0.4|100|0|
ANGULOE244B|ACC.ANGULO EXT.GLASLINER 2.44|ANGULO EXTERIOR 244|GLASLINER|LISO|BLANCO|2.44|0.05|1|52.52|
ANGULOI244B|ACC.ANGULO INT.GLASLINER 2.44|ANGULO INTERIOR 244|GLASLINER|LISO|BLANCO|2.44|0.05|1|52.52|
ANTIES|ANTIESTATICO/ABRILLANTADOR  2|ABRILLANTADOR|GLASLINER|LISO|BLANCO|0.1|0.1|1|250|
BARRA DIV2.44B|ACCE.BARRA DIV. GLASLINER 2.44|BARRA DIVISION 244|GLASLINER|LISO|BLANCO|2.44|0.05|1|35.87|
C0101|ACRILICO(S) 1.20*1.80 C010 (ROSA C)3.0MM|ACRILICO 120X180 C010 3MM|ACR|LISO|C010|1.8|1.2|3|870|
C0104|ACRILICO(S)1.80*2.40 C010 (ROSA C.)3.0MM|ACRILICO 180X240 C010 3MM|ACR|LISO|C010|2.4|1.8|3|1740|
C0151|ACRILICO(S) 1.20*1.80 C015 (ROSA F)3.0MM|ACRILICO 120X180 C015 3MM|ACR|LISO|C015|1.8|1.2|3|870|
C0154|ACRILICO(S) 1.80*2.40 C015 (ROSA O)3.0MM|ACRILICO 180X240 C015 3MM|ACR|LISO|C015|2.4|1.8|3|1740|
C0221|ACRILICO(S)1.20*1.80 C022 (DURAZNO)3.0MM|ACRILICO 120X180 C022 3MM|ACR|LISO|C022|1.8|1.2|3|870|
C0224|ACRILICO(S)1.80*240 C022 (DURAZNO)3.0MM|ACRILICO 180X240 C022 3MM|ACR|LISO|C022|2.4|1.8|3|1740|
C0471|ACRILICO(S)1.20*1.80 C047 (AMARILLO)3.0M|ACRILICO 120X180 C047 3MM|ACR|LISO|C047|1.8|1.2|3|870|
C0474|ACRILICO(S)1.80*2.40 C047 (AMARILLO)3.0M|ACRILICO 180X240 C047 3MM|ACR|LISO|C047|2.4|1.8|3|1740|
C0671|ACRILICO(S)1.20*1.80 C067 (VERDE)3.0M|ACRILICO 120X180 C067 3MM|ACR|LISO|C067|1.8|1.2|3|870|
C0674|ACRILICO(S)1.80*2.40 C067 (VERDE)3.0M|ACRILICO 180X240 C067 3MM|ACR|LISO|C067|2.4|1.8|3|1740|
C0821|ACRILICO(S)1.20*1.80 C082 (AZUL)3.0M|ACRILICO 120X180 C082 3MM|ACR|LISO|C082|1.8|1.2|3|870|
C0824|ACRILICO(S)1.80*2.40 C082 (AZUL)3.0M|ACRILICO 180X240 C082 3MM|ACR|LISO|C082|2.4|1.8|3|1740|
C0921|ACRILICO(S)1.20*1.80 C092 (VIOLETA)3.0M|ACRILICO 120X180 C092 3MM|ACR|LISO|C092|1.8|1.2|3|870|
C0924|ACRILICO(S)1.80*2.40 C092 (VIOLETA)3.0M|ACRILICO 180X240 C092 3MM|ACR|LISO|C092|2.4|1.8|3|1740|
C1|ACRILICO(S)  1.20*1.80 CRISTAL 3.0MM|ACRILICO 120X180 CRISTAL 3MM|ACR|LISO|CRISTAL|1.8|1.2|3|790|
C11.5|ACRILICO(S) 1.20*1.80 CRISTAL 1.5 MM|ACRILICO 120X180 CRISTAL 1.5MM|ACR|LISO|CRISTAL|1.8|1.2|1.5|720|
C110|ACRILICO(S) 1.20*1.80 CRISTAL 10.0MM|ACRILICO 120X180 CRISTAL 10MM|ACR|LISO|CRISTAL|1.8|1.2|10|3000|
C112|ACRILICO(S) 1.20*1.80 CRISTAL 12.0MM|ACRILICO 120X180 CRISTAL 12MM|ACR|LISO|CRISTAL|1.8|1.2|12|3495|
C115|ACRILICO(S) 1.20*1.80 CRISTAL 15.0MM|ACRILICO 120X180 CRISTAL 15MM|ACR|LISO|CRISTAL|1.8|1.2|15|4980|
C118|ACRILICO(S) 1.20*1.80 CRISTAL 18.0MM|ACRILICO 120X180 CRISTAL 18MM|ACR|LISO|CRISTAL|1.8|1.2|18|6280|
C12|ACRILICO(S) 1.20*1.80 CRISTAL 2.0MM|ACRILICO 120X180 CRISTAL 2MM|ACR|LISO|CRISTAL|1.8|1.2|2|660|
C12.5|ACRILICO(S) 1.20*1.80 CRISTAL 2.5 MM|ACRILICO 120X180 CRISTAL 2.5MM|ACR|LISO|CRISTAL|1.8|1.2|2.5|710|
C121|ACRILICO(S) 1.20*1.80 CRISTAL 21.0MM|ACRILICO 120X180 CRISTAL 21MM|ACR|LISO|CRISTAL|1.8|1.2|21|7220|
C124|ACRILICO(S) 1.20*1.80 CRISTAL 24.0MM|ACRILICO 120X180 CRISTAL 24MM|ACR|LISO|CRISTAL|1.8|1.2|24|7810|
C14|ACRILICO(S)  1.20*1.80 CRISTAL 4.0MM|ACRILICO 120X180 CRISTAL 4MM|ACR|LISO|CRISTAL|1.8|1.2|4|1030|
C15|ACRILICO(S) 1.20*1.80 CRISTAL 5.0MM|ACRILICO 120X180 CRISTAL 5MM|ACR|LISO|CRISTAL|1.8|1.2|5|1265|
C16|ACRILICO(S) 1.20*1.80 CRISTAL 6.0MM|ACRILICO 120X180 CRISTAL 6MM|ACR|LISO|CRISTAL|1.8|1.2|6|1530|
C16AI|ACRILICO(S) 1.20*1.80 CRISTAL A.I. 6.0MM|ACRILICO IMPACTA 120X180 CRISTAL 6MM|ACRIMP|LISO|CRISTAL|1.8|1.2|6|1760|
C18|ACRILICO(S)  1.20*1.80 CRISTAL 8.0MM|ACRILICO 120X180 CRISTAL 8MM|ACR|LISO|CRISTAL|1.8|1.2|8|2150|
C19|ACRILICO(S) 1.20*1.80 CRISTAL 9.0MM|ACRILICO 120X180 CRISTAL 9MM|ACR|LISO|CRISTAL|1.8|1.2|9|2510|
C1I|ACRILICO(S) 1.20*1.80 CRISTAL A.I.3.0MM|ACRILICO IMPACTA 120X180 CRISTAL 3MM|ACRIMP|LISO|CRISTAL|1.8|1.2|3|910|
C2|ACRILICO(S) 1.20*2.40 CRISTAL 3.0MM|ACRILICO 120X240 CRISTAL 3MM|ACR|LISO|CRISTAL|2.4|1.2|3|1060|
C210|ACRILICO(S) 1.20*2.40 CRISTAL 10.0MM|ACRILICO 120X240 CRISTAL 10MM|ACR|LISO|CRISTAL|2.4|1.2|10|3850|
C212|ACRILICO(S) 1.20*2.40 CRISTAL 12.0MM|ACRILICO 120X240 CRISTAL 12MM|ACR|LISO|CRISTAL|2.4|1.2|12|4480|
C215|ACRILICO(S) 1.20*2.40 CRISTAL 15.0MM|ACRILICO 120X240 CRISTAL 15MM|ACR|LISO|CRISTAL|2.4|1.2|15|6380|
C218|ACRILICO(S) 1.20*2.40 CRISTAL 18.0MM|ACRILICO 120X240 CRISTAL 18MM|ACR|LISO|CRISTAL|2.4|1.2|18|8050|
C221|ACRILICO(S) 1.20*2.40 CRISTAL 21.0MM|ACRILICO 120X240 CRISTAL 21MM|ACR|LISO|CRISTAL|2.4|1.2|21|9250|
C224|ACRILICO(S) 1.20*2.40 CRISTAL 24.0MM|ACRILICO 120X240 CRISTAL 24MM|ACR|LISO|CRISTAL|2.4|1.2|24|10410|
C24|ACRILICO(S) 1.20*2.40 CRISTAL 4.0MM|ACRILICO 120X240 CRISTAL 4MM|ACR|LISO|CRISTAL|2.4|1.2|4|1370|
C24.5|ACRILICO(S) 1.20*2.40 CRISTAL 4.5MM|ACRILICO 120X240 CRISTAL 4.5MM|ACR|LISO|CRISTAL|2.4|1.2|4.5|1570|
C25|ACRILICO(S) 1.20*2.40 CRISTAL 5.0MM|ACRILICO 120X240 CRISTAL 5MM|ACR|LISO|CRISTAL|2.4|1.2|5|1690|
C25.6|ACRILICO(S) 1.20*2.40 CRISTAL 5.6MM|ACRILICO 120X240 CRISTAL 5.6MM|ACR|LISO|CRISTAL|2.4|1.2|5.6|1875|
C26|ACRILICO(S) 1.20*2.40 CRISTAL 6.0MM|ACRILICO 120X240 CRISTAL 6MM|ACR|LISO|CRISTAL|2.4|1.2|6|2045|
C28|ACRILICO(S) 1.20*2.40 CRISTAL 8.0MM|ACRILICO 120X240 CRISTAL 8MM|ACR|LISO|CRISTAL|2.4|1.2|8|2870|
C29|ACRILICO(S) 1.20*2.40 CRISTAL 9.0MM|ACRILICO 120X240 CRISTAL 9MM|ACR|LISO|CRISTAL|2.4|1.2|9|3340|
C2I|ACRILICO(S) 1.20*2.40 CRISTAL 3.0MM A.I.|ACRILICO IMPACTA 120X240 CRISTAL 3MM|ACRIMP|LISO|CRISTAL|2.4|1.2|3|1220|
C3|ACRILICO(S) 1.80*1.80 CRISTAL 3.0MM|ACRILICO 180X180 CRISTAL 3MM|ACR|LISO|CRISTAL|1.8|1.8|3|1190|
C34|ACRILICO(S) 1.80*1.80 CRISTAL 4.0MM|ACRILICO 180X180 CRISTAL 4MM|ACR|LISO|CRISTAL|1.8|1.8|4|1540|
C35|ACRILICO(S) 1.80*1.80 CRISTAL 5.0MM|ACRILICO 180X180 CRISTAL 5MM|ACR|LISO|CRISTAL|1.8|1.8|5|1900|
C36|ACRILICO(S) 1.80*1.80 CRISTAL 6.0MM|ACRILICO 180X180 CRISTAL 6MM|ACR|LISO|CRISTAL|1.8|1.8|6|2300|
C3I|ACRILICO(S) 1.80*1.80 CRISTAL 3.0MM A.I.|ACRILICO IMPACTA 180X180 CRISTAL 3MM|ACRIMP|LISO|CRISTAL|1.8|1.8|3|1370|
C4|ACRILICO(S) 1.80*2.40 CRISTAL 3.0MM|ACRILICO 180X240 CRISTAL 3MM|ACR|LISO|CRISTAL|2.4|1.8|3|1590|
C410|ACRILICO(S) 1.80*2.40 CRISTAL 10.0MM|ACRILICO 180X240 CRISTAL 10MM|ACR|LISO|CRISTAL|2.4|1.8|10|5775|
C412|ACRILICO(S) 1.80*2.40 CRISTAL 12.0MM|ACRILICO 180X240 CRISTAL 12MM|ACR|LISO|CRISTAL|2.4|1.8|12|6720|
C418|ACRILICO(S) 1.80*2.40 CRISTAL 18.0MM|ACRILICO 180X240 CRISTAL 18MM|ACR|LISO|CRISTAL|2.4|1.8|18|12070|
C4320|ACRILICO  1.60  X 3.20  CRISTAL  3.0MM|ACRILICO 160X320 CRISTAL 3MM|ACR|LISO|CRISTAL|320|1.6|3|1905|
C44|ACRILICO(S) 1.80*2.40 CRISTAL 4.0MM|ACRILICO 180X240 CRISTAL 4MM |ACR|LISO|CRISTAL|2.4|1.8|4|2050|
C44.5|ACRILICO(S) 1.80*2.40 CRISTAL 4.5MM|ACRILICO 180X240 CRISTAL 4.5MM |ACR|LISO|CRISTAL|2.4|1.8|4.5|2355|
C45|ACRILICO(S) 1.80*2.40 CRISTAL 5.0MM|ACRILICO 180X240 CRISTAL 5MM |ACR|LISO|CRISTAL|2.4|1.8|5|2530|
C46|ACRILICO(S) 1.80*2.40 CRISTAL  6.0MM|ACRILICO 180X240 CRISTAL 6MM |ACR|LISO|CRISTAL|240|1.8|6|3070|
C46I|ACRILICO(S) 1.80*2.40 CRISTAL 6.0MM A.I|ACRILICO IMPACTA 180X240 CRISTAL 6MM |ACRIMP|LISO|CRISTAL|2.4|1.8|6|3530|
C48|ACRILICO(S) 1.80*2.40 CRISTAL 8.0MM|ACRILICO 180X240 CRISTAL 8MM |ACR|LISO|CRISTAL|2.4|1.8|8|4300|
C49|ACRILICO(S) 1.80*2.40 CRISTAL 9.0MM|ACRILICO 180X240 CRISTAL 9MM |ACR|LISO|CRISTAL|2.4|1.8|9|5010|
C4I|ACRILICO(S) 1.80*2.40 CRISTAL 3.0MM A.I.|ACRILICO IMPACTA 180X240 CRISTAL 3MM |ACRIMP|LISO|CRISTAL|2.4|1.8|3|1825|
ESPEJO|ACRILICO (S)1.20*2.40 ESPEJO 3.0MM|ACRILICO 120X240 ESPEJO 3MM|ACR|DOLARES|ESPEJO|2.4|1.2|3|0|
ESPEJO1.5|ACRILICO (S)1.20*2.40 ESPEJO 1.5MM|ACRILICO 120X240 ESPEJO 1.5MM|ACR|DOLARES|ESPEJO|2.4|1.2|1.5|0|
ESQEXT2.44B|ACCE.ESQ.EXTERIOR GLASLINER2.44|ESQUINERO EXTERIOR 244|GLASLINER|LISO|BLANCO|2.44|0.05|1|21.63|
ESQINT2.44|ACCE.ESQ.INTERIOR GLASLINER 2.44|ESQUINERO INTERIOR 244|GLASLINER|LISO|BLANCO|2.44|0.05|1|24.36|
GALVANIZADA|LAMINA T-R101 1.07*2.44 GALVANIZADA|LAMINA GALVANIZADA R101 107X244|LAM|LISO|ALUMINIO|2.44|1.07|1|381|
GARFIO|GARFIO|GARFIO|OTROS|NINGUNO|NINGUNO|0.1|0.1|1|175|
H111|ACRILICO(S) 1.20*1.80 H-11 3.0MM|ACRILICO 120X180 H11 3MM |ACR|LISO|H11|1.8|1.2|3|790|
H1112|ACRILICO(S) 1.20*1.80 H-11 2.0MM|ACRILICO 120X180 H11 2MM |ACR|LISO|H11|1.8|1.2|2|660|
H1114|ACRILICO(S) 1.20*1.80 H-11 4.0MM|ACRILICO 120X180 H11 4MM |ACR|LISO|H11|1.8|1.2|4|1030|
H1115|ACRILICO(S) 1.20*1.80 H-11 5.0MM|ACRILICO 120X180 H11 5MM |ACR|LISO|H11|1.8|1.2|5|1265|
H1116|ACRILICO(S) 1.20*1.80 H-11 6.0MM|ACRILICO 120X180 H11 6MM |ACR|LISO|H11|1.8|1.2|6|1530|
H111I|ACRILICO(S) 1.20*1.80 H-11 3MM A.I.|ACRILICO IMPACTA 120X180 H11 3MM |ACRIMP|LISO|H11|1.8|1.2|3|1000|
H112|ACRILICO(S) 1.20*2.40 H-11 3.0MM|ACRILICO 120X240 H11 3MM |ACR|LISO|H11|2.4|1.2|3|1060|
H1124|ACRILICO(S) 1.20*2.40 H-11 4.0MM|ACRILICO 120X240 H11 4MM |ACR|LISO|H11|2.4|1.2|4|1370|
H1125|ACRILICO(S) 1.20*2.40 H-11 5.0MM|ACRILICO 120X240 H11 5MM |ACR|LISO|H11|2.4|1.2|5|1690|
H1126|ACRILICO(S) 1.20*2.40 H-11 6.0MM|ACRILICO 120X240 H11 6MM |ACR|LISO|H11|2.4|1.2|6|2045|
H112I|ACRILICO(S) 1.20*2.40 H-11 3.0MM A.I|ACRILICO IMPACTA 120X180 H11 3MM |ACRIMP|LISO|H11|2.4|1.2|3|1330|
H113|ACRILICO(S) 1.80*1.80 H-11 3.0MM|ACRILICO 180X180 H11 3MM|ACR|LISO|H11|1.8|1.8|3|1190|
H1134|ACRILICO(S) 1.80*1.80 H-11 4.0MM|ACRILICO 180X180 H11 4MM|ACR|LISO|H11|1.8|1.8|4|1540|
H113I|ACRILICO(S) 1.80*1.80 H-11 3.0MM A.I.|ACRILICO IMPACTA 180X180 H11 3MM|ACRIP|LISO|H11|1.8|1.8|3|1370|
H114|ACRILICO(S) 1.80*2.40 H-11 3.0MM|ACRILICO 180X240 H11 3MM|ACR|LISO|H11|2.4|1.8|3|1590|
H1144|ACRILICO(S) 1.80*2.40 H-11 4.0MM|ACRILICO 180X240 H11 4MM|ACR|LISO|H11|2.4|1.8|4|2050|
H1145|ACRILICO(S) 1.80*2.40 H-11 5.0MM|ACRILICO 180X240 H11 5MM|ACR|LISO|H11|2.4|1.8|5|2530|
H1146|ACRILICO(S) 1.80*2.40 H-11 6.0MM|ACRILICO 180X240 H11 6MM|ACR|LISO|H11|2.4|1.8|6|3070|
H114I|ACRILICO(S) 1.80*2.40 H-11 3.0MM A.I.|ACRILICO IMPACTA 180X240 H11 3MM|ACRIMP|LISO|H11|2.4|1.8|3|2000|
H252|ACRILICO(S) 1.80*2.40 H-25 3.0MM|ACRILICO 180X240 H25 3MM|ACR|LISO|H11|2.4|1.8|3|1740|
HP366B|PERFIL(S) H 3.66 MTS BRONCE 6.0MM|PERFIL H 366 BRONCE 6MM|PERFIL |LISO|BRONCE|3.66|0.1|6|189|
HP366C|PERFIL(S) H 3.66 MTS CRISTAL 6.0MM|PERFIL H 366 CRISTAL 6MM|PERFIL |LISO|CRISTAL|3.66|0.1|6|189|
HPB6|PERFIL(S) H 7.32 MTS BRONCE 6.0MM|PERFIL H 732 BRONCE 6MM|PERFIL |LISO|BRONCE|7.32|0.1|6|378|
HPB8|PERFIL(S) H 7.32 MTS BRONCE 8.0MM|PERFIL H 732 BRONCE 8MM|PERFIL |LISO|BRONCE|7.32|0.1|8|378|
HPC6|PERFIL(S) H 7.32 MTS CRISTAL 6.0MM|PERFIL H 732 CRISTAL 6MM|PERFIL |LISO|BRONCE|7.32|0.1|6|378|
HPC8|PERFIL(S) H 7.32 MTS CRISTAL 8.0MM|PERFIL H 732 CRISTAL 8MM|PERFIL |LISO|BRONCE|7.32|0.1|8|378|
HPOP6|PERFIL(S) H 7.32 MTS BLANCO 6.0MM|PERFIL H 732 BLANCO 6MM|PERFIL |LISO|BRONCE|7.32|0.1|6|378|
HPOP8|PERFIL(S) H 7.32 MTS BLANCO 8.0MM|PERFIL H 732 BLANCO 8MM|PERFIL |LISO|BRONCE|7.32|0.1|8|378|
HZ1|ACRILICO(S) 1.20*1.80 H-Z  3.0MM|ACRILICO 120X180 HZ 3MM|ACR|LISO|HZ|1.8|1.2|3|870|
HZ4|ACRILICO(S) 1.80*2.40 H-Z 3.0MM|ACRILICO 180X240 HZ 3MM|ACR|LISO|HZ|2.4|1.8|3|1740|
L-0512|ACRILICO(S) 1.20*2.40 L051C/V 3.0MM|ACRILICO 120X240 L051 3MM|ACR|LISO|L151|2.4|2.1|3|1160|
L0322|ACRILICO(S) 1.20*2.40 L032 ROSA 3.0MM|ACRILICO 120X240 L032 ROSA 3MM|ACR|LISO|L032|2.4|1.2|3|1160|
L0432|ACRILICO(S)1.20*2.40 L043 AMARILLO 3.0MM|ACRILICO 120X240 L043 AMARILLO 3MM|ACR|LISO|L051 MF1|2.4|1.2|3|1160|
L0516|ACRILICO(S) 1.20*2.40 L051 MF1 6.0MM|ACRILICO 120X240 L051 MF1 6MM|ACR|LISO|L052 MF1|2.4|1.2|6|3390|
L0522|ACRILICO(S) 1.20*2.40 L052 VERDE 3.0MM|ACRILICO 120X240 L052 VERDE 3MM|ACR|LISO|L052|2.4|1.2|3|1610|
L08M2|ACRILICO(S) 1.20*2.40 L-08 MF2 3MM PLAST|ACRILICO 120X240 L-08 AZUL MF2 PLASTIBLUR 3MM|ACR|LISO|L08|2.4|1.2|3|1610|
L0992|ACRILICO(S) 1.20*2.40 L099 MORADO 3.0MM|ACRILICO 120X240 L099 MORADO 3MM|ACR|LISO|L099|2.4|1.2|3|1610|
L1071|ACRILICO(S) 1.20*1.80 L107 VERDE 3.0MM|ACRILICO 120X180 L107 VERDE 3MM|ACR|LISO|L107|1.8|1.2|3|1210|
L1112|ACRILICO(S) 1.20*2.40 L111 VERDE 3.0MM|ACRILICO 120X240 L111 VERDE 3MM|ACR|LISO|L111|2.4|1.2|3|1610|
L1162|ACRILICO(S) 1.20*2.40 L116 ROJO 3.0MM|ACRILICO 120X240 L116 ROJO 3MM|ACR|LISO|L116|2.4|1.2|3|1610|
L1221|ACRILICO(S) 1.20*1.80 L122 ROJO 3.0MM|ACRILICO 120X180 L122 ROJO 3MM|ACR|LISO|L122|1.8|1.8|3|870|
L1222|ACRILICO(S) 1.20*2.40 L122 ROJO 3.0MM|ACRILICO 120X240 L122 ROJO 3MM|ACR|LISO|L122|2.4|1.2|3|1160|
L1231|ACRILICO(S) 1.20*1.80 L123 ROJO 3.0MM|ACRILICO 120X180 L123 ROJO 3MM|ACR|LISO|L123|1.8|1.2|3|870|
L12315|ACRILICO(S) 1.20*1.80 L123 ROJO 5.0MM|ACRILICO 120X180 L123 ROJO 5MM|ACR|LISO|L123|1.8|1.2|5|1380|
L1232|ACRILICO(S) 1.20*2.40 L123 ROJO 3.0MM|ACRILICO 120X240 L123 ROJO 3MM|ACR|LISO|L123|2.4|1.2|3|1160|
L12335|ACRILICO(S) 1.80*1.80 L123 ROJO 3.0MM|ACRILICO 180X180 L123 ROJO 3MM|ACR|LISO|L123|1.8|1.8|3|1300|
L1234|ACRILICO(S) 1.80*2.40 L122 ROJO 3.0MM|ACRILICO 180X240 L122 ROJO 3MM|ACR|LISO|L123|2.4|1.8|3|1740|
L1251|ACRILICO(S) 1.20*1.80 L125 AMARILLO 3.0M|ACRILICO 120X180 L125 AMARILLO 3MM|ACR|LISO|L125|1.8|1.2|3|1210|
L1291|ACRILICO(S) 1.20*1.80 L129 ROJO 3.0M|ACRILICO 120X180 L129 ROJO 3MM|ACR|LISO|L129|1.8|1.2|3|1210|
L1291MATE|ACRILICO(S) 1.20*1.80 L129 ROJO MATE3.0M|ACRILICO 120X180 L129 ROJO MATE 3MM|ACR|LISO|L129|1.8|1.2|3|1210|
L1292|ACRILICO(S) 1.20*2.40 L129 ROJO 3.0M|ACRILICO 120X240 L129 ROJO 3MM|ACR|LISO|L129|2.4|1.2|3|1610|
L1292M|ACRILICO(S) 1.20*2.40 L129 ROJOMATE3 .0M|ACRILICO 120X240 L129 ROJO MATE 3MM|ACR|LISO|L129|2.4|1.2|3|1610|
L1511|ACRILICO(S) 1.20*1.80 L 151  3.0MM|ACRILICO 120X180 L151 AMBAR OBSCURO 3MM|ACR|LISO|L151|1.8|1.2|3|1210|
L1541|ACRILICO(S) 1.20*1.80 L 154  3.0MM|ACRILICO 120X180 L154 NARANJA  3MM|ACR|LISO|L154|1.8|1.2|3|1210|
L1542|ACRILICO(S) 1.20*2.40 L 154  3.0MM|ACRILICO 120X240 L154 NARANJA 3MM|ACR|LISO|L154|2.4|1.2|3|1610|
L1671|ACRILICO(S) 1.20*1.80 L167 AMARILLO3.0MM|ACRILICO 120X180 L167 AMARILLO 3MM|ACR|LISO|L167|1.8|1.2|3|870|
L1691|ACRILICO(S) 1.20*1.80 L169 AMARILLO3.0MM|ACRILICO 120X180 L169 AMARILLO 3MM|ACR|LISO|L169|1.8|1.2|3|870|
L1711|ACRILICO(S) 1.20*1.80 L 171 VERDE 3.0MM|ACRILICO 120X180 L171 VERDE 3MM|ACR|LISO|L171|1.8|1.2|3|870|
L1881|ACRILICO(S) 1.20*1.80 L188 AZUL T 3.0MM|ACRILICO 120X180 L188  AZUL CRISTAL 3MM|ACR|LISO|L188|1.8|1.2|3|870|
L1911|ACRILICO(S) 1.20*1.80 L191 AZUL C 3.0MM|ACRILICO 120X180 L191 AZUL CIELO 3MM|ACR|LISO|L191|1.8|1.2|3|870|
L1961|ACRILICO(S)1.20*1.80 L196 (A.OSCURO)3.0M|ACRILICO 120X180 L196 AZUL OBSCURO 3MM|ACR|LISO|L196|1.8|1.2|3|870|
L1962|ACRILICO(S) 1.20*2.40 L196 A.OSCURO 3.0M|ACRILICO 120X240 L196 AZUL OBSCURO 3MM|ACR|LISO|L196|2.4|1.2|3|1160|
L1964|ACRILICO(S) 1.80*2.40 L196 A.OSCURO 3.0M|ACRILICO 240X180 L196 AZUL OBSCURO 3MM|ACR|LISO|L196|2.4|1.2|3|1160|
L2201|ACRILICO(S) 1.20*1.80 L220 CAFE 3.0M|ACRILICO 120X180 L220 CAFÉ 3MM|ACR|LISO|L220|1.8|1.2|3|1230|
L4001|ACRILICO(S) 1.20*1.80 L400  BLANCO 3.0M|ACRILICO 120X180 L400 BLANCO APERLADO 3MM |ACR|LISO|L400|1.8|1.2|3|1210|
L4011|ACRILICO(S) 1.20*1.80 L401 BEIGE 3.0MM|ACRILICO 180X120 L401 BEIGE APERLADO 3MM|ACR|LISO|L401|1.8|1.2|3|1210|
L4021|ACRILICO(S) 1.20*1.80  L402 CAFE 3MM|ACRILICO 180X120 L402 CAFÉ APERLADO 3MM|ACR|LISO|L402|1.8|1.2|3|1210|
L4031|ACRILICO(S) 1.20*1.80 L403 ROSA  3.0MM|ACRILICO 180X120 L403 ROSA APERLADO 3MM|ACR|LISO|L403|1.8|1.2|3|1210|
L4041|ACRILICO(S) 1.20*1.80 L404 DURAZNO 3.0MM|ACRILICO 180X120 L404 DURAZNO APERLADO 3MM|ACR|LISO|L404|1.8|1.2|3|1210|
L4121|ACRILICO(S) 1.20*1.80 L412   3.0MM|ACRILICO 180X120 L412 AZUL APERLADO 3MM|ACR|LISO|L412|1.8|1.2|3|1210|
L4501|ACRILICO(S) 1.20*1.80 L450 GRIS 3.0MM|ACRILICO 180X120 L450 GRIS APERLADO 3MM|ACR|LISO|L450|1.8|1.2|3|1210|
LENC-12L|DIF.PANAL DE ABEJA .61*1.22 LENC-12 LIG.|DIFUSOR PANAL DE ABEJA .61X1.22 LENC-12 LIGERO |DIFUSOR|DOLARES|LENC|1.22|61|3|0|
LENC-12P|DIF.PANAL DE ABEJA .61*1.22 LENC-12 POL.|DIFUSOR PANAL DE ABEJA .61X1.22 LENC-12 POLIESTER|DIFUSOR|DOLARES|LENC|1.2|6.1|3|0|
LENC-23P|DIF.PANAL DE ABEJA .61*1.22 LENC-23 POL.|DIFUSOR PANAL DE ABEJA .61X1.22 LENC-23 POLIESTER|DIFUSOR|DOLARES|LENC|1.22|6.1|3|0|
LENC-5A|DIF.PANAL DE ABEJA .61*1.22 LENC-5 ACRIL|DIFUSOR PANAL DE ABEJA .61X1.22 LENC-5 ACRILICO |DIFUSOR|DOLARES|LENC|1.22|6.1|3|0|
LENC-5L|DIF.PANAL DE ABEJA .61*1.22 LENC-5 LIG.|DIFUSOR PANAL DE ABEJA .61X1.22 LENC-5 LIGERO |DIFUSOR|DOLARES|LENC|1.22|6.1|3|0|
LENC-5P|DIF.PANAL DE ABEJA .61*1.22 LENC-5 POL.|DIFUSOR PANAL DE ABEJA .61X1.22 LENC-5 POLIESTER|DIFUSOR|DOLARES|LENC|1.22|6.1|3|0|
LINER122*2441.5|GLASLINER  BLANCO  1.22*2.44 1.5 MM|GLASLINER 122X244 BLANCO 1.5MM|GLASLINER|LISO|LINE|2.44|1.22|1.5|408|
LINER122*2442.3|GLASLINER BLANCO 1.22*2.44 2.3MM|GLASLINER 122X244 BLANCO 2.3MM|GLASLINER|LISO|LINE|2.44|1.22|2.3|571|
LISA2|LAMINA LISA .1.22*25..00MTS BLANCA|ROLLO LAMINA LISA 122X25|LAM|LISO|BLANCO|25|1.45|1.8|4484|
MATE1|ACRILICO(S) 1.20*1.80 CRISTAL MATE 3.0MM|ACRILICO 120X180 CRISTAL MATE 3.0MM|ACR|LISO|CRISTAL MF1|1.8|1.2|3|1210|
MATE16|ACRILICO(S) 1.20*1.80 CRISTAL MATE 6.0MM|ACRILICO 120X180 CRISTAL MATE 6.0MM|ACR|LISO|CRISTAL MF1|1.8|1.2|6|2405|
MATE2|ACRILICO(S) 1.20*2.40 CRISTAL MATE 3.0MM|ACRILICO 120X240 CRISTAL MATE 3.0MM|ACR|LISO|CRISTAL MF1|2.4|1.2|3|1610|
MATE26|ACRILICO(S) 1.20*2.40 CRISTAL MATE 6.0MM|ACRILICO 120X240 CRISTAL MATE 6.0MM|ACR|LISO|CRISTAL MF1|2.4|1.2|6|30|
MUESTRARIO|MUESTRARIO|MUESTRARIO DE PLASTICO |PLA|NINGUNO|NINGUNO|0.1|0.1|2.8|30|
N1|ACRILICO(S) 1.20*1.80 NEGRO 3.0MM|ACRILICO 120X180 NEGRO 3.0MM|ACR|LISO|NEGRO |1.8|1.2|3|870|
N15|ACRILICO(S) 1.20*1.80 NEGRO 5.0MM|ACRILICO 120X180 NEGRO 5.0MM|ACR|LISO|NEGRO |1.8|1.2|5|1380|
N16|ACRILICO(S) 1.20*1.80 NEGRO 6.0MM|ACRILICO 120X180 NEGRO 6.0MM|ACR|LISO|NEGRO |1.8|1.2|6|1690|
N2|ACRILICO(S) 1.20*2.40 NEGRO 3.0MM|ACRILICO 120X240 NEGRO 3.0MM|ACR|LISO|NEGRO |2.4|1.2|3|1160|
N25|ACRILICO(S) 1.20*2.40 NEGRO 5.0MM|ACRILICO 120X240 NEGRO 5.0MM|ACR|LISO|NEGRO |2.4|1.2|5|1840|
N26|ACRILICO(S) 1.20*2.40 NEGRO 6.0MM|ACRILICO 120X240 NEGRO 6.0MM|ACR|LISO|NEGRO |2.4|1.2|6|2250|
N4|ACRILICO(S) 1.80*2.40 NEGRO 3.0MM|ACRILICO 180X240 NEGRO 3.0MM|ACR|LISO|NEGRO |2.4|1.8|3|1740|
N45|ACRILICO(S) 1.80*2.40 NEGRO 5.0MM|ACRILICO 180X240 NEGRO 5.0MM|ACR|LISO|N4|2.4|1.8|5|2760|
N46|ACRILICO(S) 1.80*2.40 NEGRO 6.0MM|ACRILICO 180X240 NEGRO 6.0MM|ACR|LISO|N4|2.4|1.8|6|3380|
NAVAJAS|PAQUETE DE NAVAJAS|PAQUETE DE NAVAJAS PARA GARFIO |OTROS|NINGUNO|NINGUNO|0.1|0.1|1|75|
R CROMADA|REJILLA CROMADA .61*1.22 1.5 CM|REJILLA 61X122 CROMADA 1.5CM|DIFUSOR|DOLARES|R CR|1.22|0.61|3|0|
R NEGRA|REJILLA NEGRA .61*1.22 3MM 1.5 CMS|REJILLA 61X122 NEGRA 1.5CM|DIFUSOR|DOLARES|R NE|1.22|0.61|3|0|
R OPALINA|REJILLA OPALINA .61*1.22 3MM 1.5 CMS|REJILLA 61X122 OPALINA1.5CM|DIFUSOR|DOLARES|R OP|1.22|0.61|3|0|
R6LASLISO2.3B|GLASLINER1.22*25.00 LISO BLANCO 2.3MM|GLASLINER 122X25 BLANCO LISO 2.3MM|GLASLINER|LISO|BLANCO|2.44|1.22|2.3|5850|
REMTOP2.44B|ACC.REMATE TOP GLASLINER2.44|REMATE TOP 244|GLASLINER|LISO|BLANCO|2.44|0.1|2.44|24.71|
RGLASEMB1.5B|GLASLINER1.22*25.00 EMBOZADO BLANCO1.5MM|GLASLINER 122X25 BLANCO EMBOZADO 1.5MM|GLASLINER|LISO|BLANCO|25|1.22|1.5|4179|
RGLASEMBO2.3B|GLASLINER1.22*25.00 EMBOZADO BLANCO2.3MM|GLASLINER 122X25 BLANCO EMBOZADO 2.3MM|GLASLINER|LISO|BLANCO|25|1.22|2.3|5850|
RGLASLISO1.5B|ROLLO GLASLINER 1.22*25  BCO.LISO 1.5MM|GLASLINER 122X25 BLANCO LISO 1.5MM|GLASLINER|LISO|BLANCO|25|1.22|1.5|4179|
SILICON G|SILICON USO GENERAL|SILICON USO GENERAL |SILI|LISO|TRANSPARENTE |0.1|0.05|50|52|
SILICON POLCEL|SILICON PARA POLICARBONATO|SILICON PARA POLICARBONATO |SILI|LISO|TRANSPARENTE |0.1|0.05|50|72|
SOLIDO EXT 6|POL. SOLIDO 1.22*2.44 CRISTAL 6.0MM EXT.|POLICARBONATO SOLIDO 122X244 EXTERIOR CRISTAL 6MM|POL SOL|DOLARES|CRISTAL|2.44|1.22|6|0|
SOLIDO INT|POL.SOLIDO 1.83*2.44 CRISTAL 6 MM INT.|POLICARBONATO SOLIDO 183X244 INTERIOR  CRISTAL 6MM|POL SOL|DOLARES|CRISTAL|2.44|1.83|6|0|
STONIA203|STONIA DE 1.20*2.40 ST-203 VANILLA|STONIA 120X240 ST-203 VANILLA|STON|DOLARES|VANILLA|2.4|1.2|3|0|
UPB6|PERFIL(S) U 3.66 BRONCE 6.0MM|PERFIL U 366 BRONCE 6MM|PERFIL |LISO|BRONCE|3.66|0.1|6|110|
UPB8|PERFIL(S) U 3.66 BRONCE 8.0MM|PERFIL U 366 BRONCE 8MM|PERFIL |LISO|BRONCE|3.66|0.1|8|110|
UPC6|PERFIL(S) U 3.66 CRISTAL 6.0MM|PERFIL U 366 CRISTAL 6MM|PERFIL |LISO|CRISTAL|3.66|0.1|6|110|
UPC8|PERFIL(S) U 3.66 CRISTAL 8.0MM|PERFIL U 366 CRISTAL 8MM|PERFIL |LISO|CRISTAL|3.66|0.1|8|110|
UPOP6|PERFIL(S) U 3.66 BLANCO 6.0MM|PERFIL U 366 BLANCO 6MM|PERFIL |LISO|BLANCO|3.66|0.1|6|110|
UPOP8|PERFIL(S) U 3.66 BLANCO 8.0MM|PERFIL U 366 BLANCO 8MM|PERFIL |LISO|BLANCO|3.66|0.1|8|110|
Z011|ACRILICO(S) 1.20*1.80 Z01 3.0MM|ACRILICO 120X180 Z01 3MM|ACR|LISO|Z01|1.8|1.2|3|790|
Z0114|ACRILICO(S) 1.20*1.80 Z01 4.0MM|ACRILICO 120X180 Z01 4MM|ACR|LISO|Z01|1.8|1.2|4|1030|
Z0115|ACRILICO(S) 1.20*1.80 Z01 5.0MM|ACRILICO 120X180 Z01 5MM|ACR|LISO|Z01|1.8|1.2|5|1265|
Z0116|ACRILICO(S) 1.20*1.80 Z01 6.0MM|ACRILICO 120X180 Z01 6MM|ACR|LISO|Z01|1.8|1.2|6|1530|
Z011I|ACRILICO(S) 1.20*1.80 Z01 A.I. 3.0MM|ACRILICO IMPACTA 120X180 Z01 3MM |ACRIMP|LISO|Z01|1.8|1.2|3|910|
Z012|ACRILICO(S) 1.20*2.40 Z01 3.0MM|ACRILICO 120X240 Z01 3MM|ACR|LISO|Z01|2.4|1.2|3|1060|
Z012.5I|ACRILICO(S) 1.20*1.80 Z01 2.5MM|ACRILICO 120X240 Z01 2MM|ACR|LISO|Z01|1.8|1.2|2.5|710|
Z01212|ACRILICO(S) 1.20*2.40 Z01 12.0MM|ACRILICO 120X240 Z01 12MM|ACR|LISO|Z01|2.4|1.2|12|4480|
Z0124|ACRILICO(S) 1.20*2.40 Z01 4.0MM|ACRILICO 120X240 Z01 4MM|ACR|LISO|Z01|2.4|1.2|4|1370|
Z0125|ACRILICO(S) 1.20*2.40 Z01 5.0MM|ACRILICO 120X240 Z01 5MM|ACR|LISO|Z01|2.4|1.2|5|1690|
Z0126|ACRILICO(S) 1.20*2.40 Z01 6.0MM|ACRILICO 120X240 Z01 6MM|ACR|LISO|Z01|2.4|1.2|6|2045|
Z012I|ACRILICO(S) 1.20*2.40 Z01 A.I. 3.0MM|ACRILICO IMPACTA 120X240 Z01 3MM |ACRIMP|LISO|Z01|2.4|1.2|3|1220|
Z013|ACRILICO(S) 1.80*1.80 Z01 3.0MM|ACRILICO 180X180 Z01 3MM|ACR|LISO|Z01|1.8|1.8|3|1190|
Z0134|ACRILICO(S) 1.80*1.80 Z01 4.0MM|ACRILICO 180X180 Z01 4MM|ACR|LISO|Z01|1.8|1.8|4|1540|
Z0136|ACRILICO(S) 1.80*1.80 Z01 6.0MM|ACRILICO 180X180 Z01 6MM|ACR|LISO|Z01|1.8|1.8|6|2300|
Z013I|ACRILICO(S) 1.80*1.80 Z01 A.I. 3.0MM|ACRILICO IMPACTA180X180 Z01 3MM |ACRIMP|LISO|Z01|1.8|1.8|3|1190|
Z014|ACRILICO(S) 1.80*2.40 Z01 3.0MM|ACRILICO 180X240 Z01 3MM|ACR|LISO|Z01|2.4|1.8|3|1590|
Z0144|ACRILICO(S) 1.80*2.40 Z01 4.0MM|ACRILICO 180X240 Z01 4MM|ACR|LISO|Z01|2.4|1.8|4|2050|
Z0145|ACRILICO(S) 1.80*2.40 Z01 5.0MM|ACRILICO 180X240 Z01 5MM|ACR|LISO|Z01|2.4|1.8|5|2530|
Z0146|ACRILICO(S) 1.80*2.40 Z01 6.0MM|ACRILICO 180X240 Z01 6MM|ACR|LISO|Z01|2.4|1.8|6|3070|
Z014AI|ACRILICO(S) 1.80*2.40 Z01 A.I.3.0MM|ACRILICO IMPACTA 180X240 Z01 3MM|ACRIMP|LISO|Z01|2.4|1.8|3|1825|
Z21|ACRILICO(S) 1.20*1.80 Z-2 3.0MM|ACRILICO 120X180 Z2 3MM|ACR|LISO|Z2|1.8|1.2|3|835|
Z214|ACRILICO(S) 1.20*1.80 Z-2 4.0MM|ACRILICO 120X180 Z2 4MM|ACR|LISO|Z2|1.8|1.2|4|1080|
Z215|ACRILICO(S) 1.20*1.80 Z-2 5.0MM|ACRILICO 120X180 Z2 5MM|ACR|LISO|Z2|1.8|1.2|5|1265|
Z216|ACRILICO(S) 1.20*1.80 Z2 6.0MM|ACRILICO 120X180 Z2 6MM|ACR|LISO|Z2|1.8|1.2|6|3220|
Z21I|ACRILICO(S) 1.20*1.80 Z-2 A.I. 3.0MM|ACRILICO IMPACTA 120X180 Z2 3MM |ACRIMP|LISO|Z2|1.8|1.2|3|760|
Z22|ACRILICO(S) 1.20*2.40 Z-2 3.0MM|ACRILICO 120X240 Z2 3MM|ACR|LISO|Z2|2.4|1.2|3|1110|
Z225|ACRILICO(S) 1.20*2.40  Z2 5.0MM|ACRILICO 120X240 Z2 5MM|ACR|LISO|Z2|2.4|1.2|5|1770|
Z226|ACRILICO(S) 1.20*2.40 Z-2 6.0MM|ACRILICO 120X240 Z2 6MM|ACR|LISO|Z2|2.4|1.2|6|2045|
Z22AI|ACRILICO(S) 1.20*2.40 Z-2 A.I. 3.0MM|ACRILICO IMPACTA 120X240 Z2 3MM |ACRIMP|LISO|Z2|2.4|1.2|3|1280|
Z24|ACRILICO(S) 1.80*2.40 Z-2 3.0MM|ACRILICO 180X240 Z2 3MM|ACR|LISO|Z2|2.4|1.8|3|1670|
Z244|ACRILICO(S) 1.80*2.40 Z-2 4.0MM|ACRILICO 180X240 Z2 4MM|ACR|LISO|Z2|2.4|1.8|4|2160|
Z245|ACRILICO(S) 1.80*2.40 Z-2 5.0MM|ACRILICO 180X240 Z2 5MM|ACR|LISO|Z2|2.4|1.8|5|2650|
Z246|ACRILICO(S) 1.80*2.40 Z-2 6.0MM|ACRILICO 180X240 Z2 6MM|ACR|LISO|Z2|2.4|1.8|6|3220|
Z251|ACRILICO(S) 1.20*1.80 Z-25 3.0MM|ACRILICO 120X180 Z25 3MM|ACR|LISO|Z25|1.8|1.2|3|835|
Z252|ACRILICO(S) 1.20*2.40 Z-25 3.0MM|ACRILICO 120X240 Z25 3MM|ACR|LISO|Z25|2.4|1.2|3|1110|
Z25212|ACRILICO(S) 1.20*2.40 Z-25 12.0MM|ACRILICO 120X240 Z25 12MM|ACR|LISO|Z25|2.4|1.2|12|3960|
Z2529|ACRILICO(S) 1.20*2.40 Z-25 9.0MM|ACRILICO 120X240 Z25 9MM|ACR|LISO|Z25|2.4|1.2|9|3960|
Z254|ACRILICO(S) 1.80*2.40 Z-25 3.0MM|ACRILICO 240X180 Z25 3MM|ACR|LISO|Z25Z|2.4|1.8|3|11670|
P538|ARPA AZUL 1.20*1.80|ARPA AZUL 1.20*1.80|PLA|Arpa|AZUL|1.8|1.2|2.8|420|
P537|ARPA AZUL 1.00*1.80|ARPA AZUL 1.00*1.80|PLA|Arpa|AZUL|1.8|1|2.8|350|
P536|ARPA AZUL 0.80*1.80|ARPA AZUL 0.80*1.80|PLA|Arpa|AZUL|1.8|0.8|2.8|381|
P535|ARPA AZUL 0.70*1.80|ARPA AZUL 0.70*1.80|PLA|Arpa|AZUL|1.8|0.7|2.8|245|
P531|ARPA HUMO 1.20*1.80|ARPA HUMO 1.20*1.80|PLA|Arpa|HUMO|1.8|1.2|2.8|420|
P530|ARPA HUMO 1.00*1.80|ARPA HUMO 1.00*1.80|PLA|Arpa|HUMO|1.8|1|2.8|350|
P529|ARPA HUMO 0.80*1.80|ARPA HUMO 0.80*1.80|PLA|Arpa|HUMO|1.8|0.8|2.8|381|
P528|ARPA HUMO 0.70*1.80|ARPA HUMO 0.70*1.80|PLA|Arpa|HUMO|1.8|0.7|2.8|245|
P524|ARPA OPALINO 1.20*1.80|ARPA OPALINO 1.20*1.80|PLA|Arpa|BLANCO|1.8|1.2|2.8|420|
P523|ARPA OPALINO 1.00*1.80|ARPA OPALINO 1.00*1.80|PLA|Arpa|BLANCO|1.8|1|2.8|350|
P522|ARPA OPALINO 0.80*1.80|ARPA OPALINO 0.80*1.80|PLA|Arpa|BLANCO|1.8|0.8|2.8|381|
P521|ARPA OPALINO 0.70*1.80|ARPA OPALINO 0.70*1.80|PLA|Arpa|BLANCO|1.8|0.7|2.8|245|
P517|ARPA CRISTAL 1.20*1.80|ARPA CRISTAL 1.20*1.80|PLA|Arpa|CRISTAL|1.8|1.2|2.8|420|
P516|ARPA CRISTAL 1.00*1.80|ARPA CRISTAL 1.00*1.80|PLA|Arpa|CRISTAL|1.8|1|2.8|350|
P515|ARPA CRISTAL 0.80*1.80|ARPA CRISTAL 0.80*1.80|PLA|Arpa|CRISTAL|1.8|0.8|2.8|381|
P514|ARPA CRISTAL 0.70*1.80|ARPA CRISTAL 0.70*1.80|PLA|Arpa|CRISTAL|1.8|0.7|2.8|245|
P580|CORAL AZUL 1.20*1.80|CORAL AZUL 1.20*1.80|PLA|Coral|AZUL|1.8|1.2|2.8|420|
P579|CORAL AZUL 1.00*1.80|CORAL AZUL 1.00*1.80|PLA|Coral|AZUL|1.8|1|2.8|350|
P578|CORAL AZUL 0.80*1.80|CORAL AZUL 0.80*1.80|PLA|Coral|AZUL|1.8|0.8|2.8|381|
P577|CORAL AZUL 0.70*1.80|CORAL AZUL 0.70*1.80|PLA|Coral|AZUL|1.8|0.7|2.8|245|
P573|CORAL HUMO 1.20*1.80|CORAL HUMO 1.20*1.80|PLA|Coral|HUMO|1.8|1.2|2.8|420|
P572|CORAL HUMO 1.00*1.80|CORAL HUMO 1.00*1.80|PLA|Coral|HUMO|1.8|1|2.8|350|
P571|CORAL HUMO 0.80*1.80|CORAL HUMO 0.80*1.80|PLA|Coral|HUMO|1.8|0.8|2.8|381|
P570|CORAL HUMO 0.70*1.80|CORAL HUMO 0.70*1.80|PLA|Coral|HUMO|1.8|0.7|2.8|245|
P559|CORAL CRISTAL 1.20*1.80|CORAL CRISTAL 1.20*1.80|PLA|Coral|CRISTAL|1.8|1.2|2.8|420|
P558|CORAL CRISTAL 1.00*1.80|CORAL CRISTAL 1.00*1.80|PLA|Coral|CRISTAL|1.8|1|2.8|350|
P557|CORAL CRISTAL 0.80*1.80|CORAL CRISTAL 0.80*1.80|PLA|Coral|CRISTAL|1.8|0.8|2.8|381|
P556|CORAL CRISTAL 0.70*1.80|CORAL CRISTAL 0.70*1.80|PLA|Coral|CRISTAL|1.8|0.7|2.8|245|
P27|CRISTALEN HUMO 1.20*1.80|CRISTALEN HUMO 1.20*1.80|PLA|Cristalen|HUMO|1.8|1.2|2.8|420|
P26|CRISTALEN HUMO 1.00*1.80|CRISTALEN HUMO 1.00*1.80|PLA|Cristalen|HUMO|1.8|1|2.8|350|
P25|CRISTALEN HUMO 0.80*1.80|CRISTALEN HUMO 0.80*1.80|PLA|Cristalen|HUMO|1.8|0.8|2.8|381|
P24|CRISTALEN HUMO 0.70*1.80|CRISTALEN HUMO 0.70*1.80|PLA|Cristalen|HUMO|1.8|0.7|2.8|245|
P23|CRISTALEN CRISTAL 1.20*2.50|CRISTALEN CRISTAL 1.20*2.50|PLA|Cristalen|CRISTAL|2.5|1.2|2.8|583|
P22|CRISTALEN CRISTAL 1.20*2.20|CRISTALEN CRISTAL 1.20*2.20|PLA|Cristalen|CRISTAL|2.2|1.2|2.8|514|
P21|CRISTALEN CRISTAL 1.00*2.00|CRISTALEN CRISTAL 1.00*2.00|PLA|Cristalen|CRISTAL|2|1|2.8|388|
P20|CRISTALEN CRISTAL 1.20*1.80|CRISTALEN CRISTAL 1.20*1.80|PLA|Cristalen|CRISTAL|1.8|1.2|2.8|420|
P19|CRISTALEN CRISTAL 1.00*1.80|CRISTALEN CRISTAL 1.00*1.80|PLA|Cristalen|CRISTAL|1.8|1|2.8|350|
P18|CRISTALEN CRISTAL 0.80*1.80|CRISTALEN CRISTAL 0.80*1.80|PLA|Cristalen|CRISTAL|1.8|0.8|2.8|381|
P17|CRISTALEN CRISTAL 0.70*1.80|CRISTALEN CRISTAL 0.70*1.80|PLA|Cristalen|CRISTAL|1.8|0.7|2.8|245|
P265|DECORLEN CRISTAL 1.20*1.80|DECORLEN CRISTAL 1.20*1.80|PLA|Decorlen|CRISTAL|1.8|1.2|2.8|420|
P264|DECORLEN CRISTAL 1.00*1.80|DECORLEN CRISTAL 1.00*1.80|PLA|Decorlen|CRISTAL|1.8|1|2.8|350|
P263|DECORLEN CRISTAL 0.80*1.80|DECORLEN CRISTAL 0.80*1.80|PLA|Decorlen|CRISTAL|1.8|0.8|2.8|381|
P262|DECORLEN CRISTAL 0.70*1.80|DECORLEN CRISTAL 0.70*1.80|PLA|Decorlen|CRISTAL|1.8|0.7|2.8|245|
P654|DOMINO OPALINO 1.20*1.80|DOMINO OPALINO 1.20*1.80|PLA|Domino|BLANCO|1.8|1.2|2.8|420|
P653|DOMINO OPALINO .100*1.80|DOMINO OPALINO .100*1.80|PLA|Domino|BLANCO|1.8|0.8|2.8|381|
P652|DOMINO OPALINO .80*1.80|DOMINO OPALINO .80*1.80|PLA|Domino|BLANCO|1.8|1|2.8|350|
P651|DOMINO OPALINO .70*1.80|DOMINO OPALINO .70*1.80|PLA|Domino|BLANCO|1.8|0.7|2.8|245|
P650|DOMINO BRONCE 1.20*1.80|DOMINO BRONCE 1.20*1.80|PLA|Domino|BRONCE|1.8|1.2|2.8|420|
P649|DOMINO BRONCE 1.00*1.80|DOMINO BRONCE 1.00*1.80|PLA|Domino|BRONCE|1.8|1|2.8|350|
P648|DOMINO BRONCE 0.80*1.80|DOMINO BRONCE 0.80*1.80|PLA|Domino|BRONCE|1.8|0.8|2.8|381|
P647|DOMINO BRONCE  .70*180|DOMINO BRONCE  .70*180|PLA|Domino|BRONCE|1.8|0.7|2.8|245|
P646|DOMINO HUMO 1.20*1.80|DOMINO HUMO 1.20*1.80|PLA|Domino|HUMO|1.8|1.2|2.8|420|
P645|DOMINO HUMO 1.00*1.80|DOMINO HUMO 1.00*1.80|PLA|Domino|HUMO|1.8|1|2.8|350|
P644|DOMINO HUMO .80*180|DOMINO HUMO .80*180|PLA|Domino|HUMO|1.8|0.8|2.8|381|
P643|DOMINO HUMO .70*180|DOMINO HUMO .70*180|PLA|Domino|HUMO|1.8|0.7|2.8|245|
P642|DOMINO AZUL 1.20*1.80|DOMINO AZUL 1.20*1.80|PLA|Domino|AZUL|1.8|1.2|2.8|420|
P641|DOMINO AZUL 1.00*1.80|DOMINO AZUL 1.00*1.80|PLA|Domino|AZUL|1.8|1|2.8|350|
P640|DOMINO AZUL 0.80*180|DOMINO AZUL 0.80*180|PLA|Domino|AZUL|1.8|0.8|2.8|381|
P639|DOMINO AZUL 0.70*180|DOMINO AZUL 0.70*180|PLA|Domino|AZUL|1.8|0.7|2.8|245|
P638|DOMINO CRISTAL 1.20*1.80|DOMINO CRISTAL 1.20*1.80|PLA|Domino|CRISTAL|1.8|1.2|2.8|420|
P637|DOMINO CRISTAL 1.00*1.80|DOMINO CRISTAL 1.00*1.80|PLA|Domino|CRISTAL|1.8|1|2.8|350|
P636|DOMINO CRISTAL .80*1.80|DOMINO CRISTAL .80*1.80|PLA|Domino|CRISTAL|1.8|0.8|2.8|381|
P635|DOMINO CRISTAL .70*1.80|DOMINO CRISTAL .70*1.80|PLA|Domino|CRISTAL|1.8|0.7|2.8|245|
P626|ESPUMA CRISTAL 1.20*1.80|ESPUMA CRISTAL 1.20*1.80|PLA|Espuma|CRISTAL|1.8|1.2|2.8|420|
P625|ESPUMA CRISTAL 1.00*1.80|ESPUMA CRISTAL 1.00*1.80|PLA|Espuma|CRISTAL|1.8|1|2.8|350|
P624|ESPUMA CRISTAL 0.80*18.0|ESPUMA CRISTAL 0.80*18.0|PLA|Espuma|CRISTAL|1.8|0.8|2.8|381|
P623|ESPUMA CRISTAL  0.70*1.80|ESPUMA CRISTAL  0.70*1.80|PLA|Espuma|CRISTAL|1.8|0.7|2.8|245|
P622|ESPUMA HUMO 1.20*1.80|ESPUMA HUMO 1.20*1.80|PLA|Espuma|CRISTAL|1.8|1.2|2.8|420|
P621|ESPUMA HUMO 1.00*1.80|ESPUMA HUMO 1.00*1.80|PLA|Espuma|CRISTAL|1.8|1|2.8|350|
P620|ESPUMA HUMO 0.80*1.80|ESPUMA HUMO 0.80*1.80|PLA|Espuma|CRISTAL|1.8|0.8|2.8|381|
P619|ESPUMA HUMO 0.70*1.80|ESPUMA HUMO 0.70*1.80|PLA|Espuma|CRISTAL|1.8|0.7|2.8|245|
P634|FILIGRANA SALMON 1.20*1.80|FILIGRANA SALMON 1.20*1.80|PLA|Filigrana|SALMON|1.8|1.2|2.8|420|
P633|FILIGRANA SALMON 1.00*1.80|FILIGRANA SALMON 1.00*1.80|PLA|Filigrana|SALMON|1.8|1|2.8|350|
P632|FILIGRANA SALMON .80*180|FILIGRANA SALMON .80*180|PLA|Filigrana|SALMON|1.8|0.8|2.8|381|
P631|FILIGRANA SALMON .70*180|FILIGRANA SALMON .70*180|PLA|Filigrana|SALMON|1.8|0.7|2.8|245|
P377|FILIGRANA VERDE 1.20*1.80|FILIGRANA VERDE 1.20*1.80|PLA|Filigrana|VERDE|1.8|1.2|2.8|420|
P376|FILIGRANA VERDE 1.00*1.80|FILIGRANA VERDE 1.00*1.80|PLA|Filigrana|VERDE|1.8|1|2.8|350|
P375|FILIGRANA VERDE 0.80*1.80|FILIGRANA VERDE 0.80*1.80|PLA|Filigrana|VERDE|1.8|0.8|2.8|381|
P374|FILIGRANA VERDE 0.70*1.80|FILIGRANA VERDE 0.70*1.80|PLA|Filigrana|VERDE|1.8|0.7|2.8|245|
P370|FILIGRANA AMBAR 1.20*1.80|FILIGRANA AMBAR 1.20*1.80|PLA|Filigrana|AMBAR|1.8|1.2|2.8|420|
P369|FILIGRANA AMBAR 1.00*1.80|FILIGRANA AMBAR 1.00*1.80|PLA|Filigrana|AMBAR|1.8|1|2.8|350|
P368|FILIGRANA AMBAR 0.80*1.80|FILIGRANA AMBAR 0.80*1.80|PLA|Filigrana|AMBAR|1.8|0.8|2.8|381|
P367|FILIGRANA AMBAR 0.70*1.80|FILIGRANA AMBAR 0.70*1.80|PLA|Filigrana|AMBAR|1.8|0.7|2.8|245|
P363|FILIGRANA AZUL 1.20*1.80|FILIGRANA AZUL 1.20*1.80|PLA|Filigrana|AZUL|1.8|1.2|2.8|420|
P362|FILIGRANA AZUL 1.00*1.80|FILIGRANA AZUL 1.00*1.80|PLA|Filigrana|AZUL|1.8|1|2.8|350|
P361|FILIGRANA AZUL 0.80*1.80|FILIGRANA AZUL 0.80*1.80|PLA|Filigrana|AZUL|1.8|0.8|2.8|381|
P360|FILIGRANA AZUL 0.70*1.80|FILIGRANA AZUL 0.70*1.80|PLA|Filigrana|AZUL|1.8|0.7|2.8|245|
P356|FILIGRANA HUMO 1.20*1.80|FILIGRANA HUMO 1.20*1.80|PLA|Filigrana|HUMO|1.8|1.2|2.8|420|
P355|FILIGRANA HUMO 1.00*1.80|FILIGRANA HUMO 1.00*1.80|PLA|Filigrana|HUMO|1.8|1|2.8|350|
P354|FILIGRANA HUMO 0.80*1.80|FILIGRANA HUMO 0.80*1.80|PLA|Filigrana|HUMO|1.8|0.8|2.8|381|
P353|FILIGRANA HUMO 0.70*1.80|FILIGRANA HUMO 0.70*1.80|PLA|Filigrana|HUMO|1.8|0.7|2.8|245|
P349|FILIGRANA OPALINO 1.20*1.80|FILIGRANA OPALINO 1.20*1.80|PLA|Filigrana|BLANCO|1.8|1.2|2.8|420|
P348|FILIGRANA OPALINO 1.00*1.80|FILIGRANA OPALINO 1.00*1.80|PLA|Filigrana|BLANCO|1.8|1|2.8|350|
P347|FILIGRANA OPALINO 0.80*1.80|FILIGRANA OPALINO 0.80*1.80|PLA|Filigrana|BLANCO|1.8|0.8|2.8|381|
P346|FILIGRANA OPALINO 0.70*1.80|FILIGRANA OPALINO 0.70*1.80|PLA|Filigrana|BLANCO|1.8|0.7|2.8|245|
P342|FILIGRANA CRISTAL 1.20*1.80|FILIGRANA CRISTAL 1.20*1.80|PLA|Filigrana|CRISTAL|1.8|1.2|2.8|420|
P341|FILIGRANA CRISTAL 1.00*1.80|FILIGRANA CRISTAL 1.00*1.80|PLA|Filigrana|CRISTAL|1.8|1|2.8|350|
P340|FILIGRANA CRISTAL 0.80*1.80|FILIGRANA CRISTAL 0.80*1.80|PLA|Filigrana|CRISTAL|1.8|0.8|2.8|381|
P339|FILIGRANA CRISTAL 0.70*1.80|FILIGRANA CRISTAL 0.70*1.80|PLA|Filigrana|CRISTAL|1.8|0.7|2.8|245|
P335|FILIGRANA BRONCE 1.20*1.80|FILIGRANA BRONCE 1.20*1.80|PLA|Filigrana|BRONCE|1.8|1.2|2.8|420|
P334|FILIGRANA BRONCE 1.00*1.80|FILIGRANA BRONCE 1.00*1.80|PLA|Filigrana|BRONCE|1.8|1|2.8|350|
P333|FILIGRANA BRONCE 0.80*1.80|FILIGRANA BRONCE 0.80*1.80|PLA|Filigrana|BRONCE|1.8|0.8|2.8|381|
P332|FILIGRANA BRONCE 0.70*1.80|FILIGRANA BRONCE 0.70*1.80|PLA|Filigrana|BRONCE|1.8|0.7|2.8|245|
P658|GAVIOTA SALMON 1.20*1.80|GAVIOTA SALMON 1.20*1.80|PLA|Gaviota|SALMON|2|1|2.8|388|
P657|GAVIOTA SALMON 1.00*1.80|GAVIOTA SALMON 1.00*1.80|PLA|Gaviota|SALMON|1.8|1|2.8|350|
P656|GAVIOTA SALMON 80*180|GAVIOTA SALMON 80*180|PLA|Gaviota|SALMON|1.8|0.8|2.8|381|
P655|GAVIOTA SALMON 70*180|GAVIOTA SALMON 70*180|PLA|Gaviota|SALMON|1.8|0.7|2.8|245|
P146|GAVIOTA VERDE PASTEL 1.20*1.80|GAVIOTA VERDE PASTEL 1.20*1.80|PLA|Gaviota|VERDE PASTEL|1.8|1.2|2.8|420|
P145|GAVIOTA VERDE PASTEL 1.00*1.80|GAVIOTA VERDE PASTEL 1.00*1.80|PLA|Gaviota|VERDE PASTEL|1.8|1|2.8|350|
P144|GAVIOTA VERDE PASTEL 0.80*1.80|GAVIOTA VERDE PASTEL 0.80*1.80|PLA|Gaviota|VERDE PASTEL|1.8|0.8|2.8|381|
P143|GAVIOTA VERDE PASTEL 0.70*1.80|GAVIOTA VERDE PASTEL 0.70*1.80|PLA|Gaviota|VERDE PASTEL|1.8|0.7|2.8|245|
P132|GAVIOTA AZUL 1.20*1.80|GAVIOTA AZUL 1.20*1.80|PLA|Gaviota|AZUL|1.8|1.2|2.8|420|
P131|GAVIOTA AZUL 1.00*1.80|GAVIOTA AZUL 1.00*1.80|PLA|Gaviota|AZUL|1.8|1|2.8|350|
P130|GAVIOTA AZUL 0.80*1.80|GAVIOTA AZUL 0.80*1.80|PLA|Gaviota|AZUL|1.8|0.8|2.8|381|
P129|GAVIOTA AZUL 0.70*1.80|GAVIOTA AZUL 0.70*1.80|PLA|Gaviota|AZUL|1.8|0.7|2.8|245|
P125|GAVIOTA HUMO 1.20*1.80|GAVIOTA HUMO 1.20*1.80|PLA|Gaviota|HUMO|1.8|1.2|2.8|420|
P124|GAVIOTA HUMO 1.00*1.80|GAVIOTA HUMO 1.00*1.80|PLA|Gaviota|HUMO|1.8|1|2.8|350|
P123|GAVIOTA HUMO 0.80*1.80|GAVIOTA HUMO 0.80*1.80|PLA|Gaviota|HUMO|1.8|0.8|2.8|381|
P122|GAVIOTA HUMO .70*1.80|GAVIOTA HUMO .70*1.80|PLA|Gaviota|HUMO|1.8|0.7|2.8|245|
P118|GAVIOTA OPALINO 1.20*1.80|GAVIOTA OPALINO 1.20*1.80|PLA|Gaviota|BLANCO|1.8|1.2|2.8|420|
P117|GAVIOTA OPALINO 1.00*1.80|GAVIOTA OPALINO 1.00*1.80|PLA|Gaviota|BLANCO|1.8|1|2.8|350|
P116|GAVIOTA OPALINO 0.80*1.80|GAVIOTA OPALINO 0.80*1.80|PLA|Gaviota|BLANCO|1.8|0.8|2.8|381|
P115|GAVIOTA OPALINO 0.70*1.80|GAVIOTA OPALINO 0.70*1.80|PLA|Gaviota|BLANCO|1.8|0.7|2.8|245|
P111|GAVIOTA CRISTAL 1.20*1.80|GAVIOTA CRISTAL 1.20*1.80|PLA|Gaviota|CRISTAL|1.8|1.2|2.8|420|
P110|GAVIOTA CRISTAL 1.00*1.80|GAVIOTA CRISTAL 1.00*1.80|PLA|Gaviota|CRISTAL|1.8|1|2.8|350|
P109|GAVIOTA CRISTAL 0.80*1.80|GAVIOTA CRISTAL 0.80*1.80|PLA|Gaviota|CRISTAL|1.8|0.8|2.8|381|
P108|GAVIOTA CRISTAL 0.70*1.80|GAVIOTA CRISTAL 0.70*1.80|PLA|Gaviota|CRISTAL|1.8|0.7|2.8|245|
P104|GAVIOTA BRONCE 1.20*1.80|GAVIOTA BRONCE 1.20*1.80|PLA|Gaviota|BRONCE|1.8|1.2|2.8|420|
P103|GAVIOTA BRONCE 1.00*1.80|GAVIOTA BRONCE 1.00*1.80|PLA|Gaviota|BRONCE|1.8|1|2.8|350|
P102|GAVIOTA BRONCE 0.80*1.80|GAVIOTA BRONCE 0.80*1.80|PLA|Gaviota|BRONCE|1.8|0.8|2.8|381|
P101|GAVIOTA BRONCE 0.70*1.80|GAVIOTA BRONCE 0.70*1.80|PLA|Gaviota|BRONCE|1.8|0.7|2.8|245|
P216|GLACIAL HUMO 1.20*1.80|GLACIAL HUMO 1.20*1.80|PLA|Glacial|HUMO|1.8|1.2|2.8|420|
P215|GLACIAL HUMO 1.00*1.80|GLACIAL HUMO 1.00*1.80|PLA|Glacial|HUMO|1.8|1|2.8|350|
P214|GLACIAL HUMO 0.80*1.80|GLACIAL HUMO 0.80*1.80|PLA|Glacial|HUMO|1.8|0.8|2.8|381|
P213|GLACIAL HUMO 0.70*1.80|GLACIAL HUMO 0.70*1.80|PLA|Glacial|HUMO|1.8|0.7|2.8|245|
P209|GLACIAL CRISTAL 1.20*1.80|GLACIAL CRISTAL 1.20*1.80|PLA|Glacial|CRISTAL|1.8|1.2|2.8|420|
P208|GLACIAL CRISTAL 1.00*1.80|GLACIAL CRISTAL 1.00*1.80|PLA|Glacial|CRISTAL|1.8|1|2.8|350|
P207|GLACIAL CRISTAL 0.80*1.80|GLACIAL CRISTAL 0.80*1.80|PLA|Glacial|CRISTAL|1.8|0.8|2.8|381|
P206|GLACIAL CRISTAL 0.70*1.80|GLACIAL CRISTAL 0.70*1.80|PLA|Glacial|CRISTAL|1.8|0.7|2.8|245|
P181|LLUVIA AZUL 1.20*1.80|LLUVIA AZUL 1.20*1.80|PLA|Lluvia|AZUL|1.8|1.2|2.8|420|
P180|LLUVIA AZUL 1.00*1.80|LLUVIA AZUL 1.00*1.80|PLA|Lluvia|AZUL|1.8|1|2.8|350|
P179|LLUVIA AZUL 0.80*1.80|LLUVIA AZUL 0.80*1.80|PLA|Lluvia|AZUL|1.8|0.8|2.8|381|
P178|LLUVIA AZUL 0.70*1.80|LLUVIA AZUL 0.70*1.80|PLA|Lluvia|AZUL|1.8|0.7|2.8|245|
P174|LLUVIA HUMO 1.20*1.80|LLUVIA HUMO 1.20*1.80|PLA|Lluvia|HUMO|1.8|1.2|2.8|420|
P173|LLUVIA HUMO 1.00*1.80|LLUVIA HUMO 1.00*1.80|PLA|Lluvia|HUMO|1.8|1|2.8|350|
P172|LLUVIA HUMO 0.80*1.80|LLUVIA HUMO 0.80*1.80|PLA|Lluvia|HUMO|1.8|0.8|2.8|381|
P171|LLUVIA HUMO 0.70*1.80|LLUVIA HUMO 0.70*1.80|PLA|Lluvia|HUMO|1.8|0.7|2.8|245|
P167|LLUVIA OPALINO 1.20*1.80|LLUVIA OPALINO 1.20*1.80|PLA|Lluvia|BLANCO|1.8|1.2|2.8|420|
P166|LLUVIA OPALINO 1.00*1.80|LLUVIA OPALINO 1.00*1.80|PLA|Lluvia|BLANCO|1.8|1|2.8|350|
P165|LLUVIA OPALINO 0.80*1.80|LLUVIA OPALINO 0.80*1.80|PLA|Lluvia|BLANCO|1.8|0.8|2.8|381|
P164|LLUVIA OPALINO 0.70*1.80|LLUVIA OPALINO 0.70*1.80|PLA|Lluvia|BLANCO|1.8|0.7|2.8|245|
P160|LLUVIA CRISTAL 1.20*1.80|LLUVIA CRISTAL 1.20*1.80|PLA|Lluvia|CRISTAL|1.8|1.2|2.8|420|
P159|LLUVIA CRISTAL 1.00*1.80|LLUVIA CRISTAL 1.00*1.80|PLA|Lluvia|CRISTAL|1.8|1|2.8|350|
P158|LLUVIA CRISTAL 0.80*1.80|LLUVIA CRISTAL 0.80*1.80|PLA|Lluvia|CRISTAL|1.8|0.8|2.8|381|
P157|LLUVIA CRISTAL 0.70*1.80|LLUVIA CRISTAL 0.70*1.80|PLA|Lluvia|CRISTAL|1.8|0.7|2.8|245|
P153|LLUVIA BRONCE 1.20*1.80|LLUVIA BRONCE 1.20*1.80|PLA|Lluvia|BRONCE|1.8|1.2|2.8|420|
P152|LLUVIA BRONCE 1.00*1.80|LLUVIA BRONCE 1.00*1.80|PLA|Lluvia|BRONCE|1.8|1|2.8|350|
P151|LLUVIA BRONCE 0.80*1.80|LLUVIA BRONCE 0.80*1.80|PLA|Lluvia|BRONCE|1.8|0.8|2.8|381|
P150|LLUVIA BRONCE 0.70*1.80|LLUVIA BRONCE 0.70*1.80|PLA|Lluvia|BRONCE|1.8|0.7|2.8|245|
P328|MORISCO AMBAR 1.20*1.80|MORISCO AMBAR 1.20*1.80|PLA|Morisco|AMBAR|1.8|1.2|2.8|420|
P327|MORISCO AMBAR 1.00*1.80|MORISCO AMBAR 1.00*1.80|PLA|Morisco|AMBAR|1.8|1|2.8|350|
P326|MORISCO AMBAR 0.80*1.80|MORISCO AMBAR 0.80*1.80|PLA|Morisco|AMBAR|1.8|0.8|2.8|381|
P325|MORISCO AMBAR 0.70*1.80|MORISCO AMBAR 0.70*1.80|PLA|Morisco|AMBAR|1.8|0.7|2.8|245|
P321|MORISCO AZUL 1.20*1.80|MORISCO AZUL 1.20*1.80|PLA|Morisco|AZUL|1.8|1.2|2.8|420|
P320|MORISCO AZUL 1.00*1.80|MORISCO AZUL 1.00*1.80|PLA|Morisco|AZUL|1.8|1|2.8|350|
P319|MORISCO AZUL 0.80*1.80|MORISCO AZUL 0.80*1.80|PLA|Morisco|AZUL|1.8|0.8|2.8|381|
P318|MORISCO AZUL 0.70*1.80|MORISCO AZUL 0.70*1.80|PLA|Morisco|AZUL|1.8|0.7|2.8|245|
P314|MORISCO HUMO 1.20*1.80|MORISCO HUMO 1.20*1.80|PLA|Morisco|HUMO|1.8|1.2|2.8|420|
P313|MORISCO HUMO 1.00*1.80|MORISCO HUMO 1.00*1.80|PLA|Morisco|HUMO|1.8|1|2.8|350|
P312|MORISCO HUMO 0.80*1.80|MORISCO HUMO 0.80*1.80|PLA|Morisco|HUMO|1.8|0.8|2.8|381|
P311|MORISCO HUMO 0.70*1.80|MORISCO HUMO 0.70*1.80|PLA|Morisco|HUMO|1.8|0.7|2.8|245|
P307|MORISCO OPALINO 1.20*1.80|MORISCO OPALINO 1.20*1.80|PLA|Morisco|BLANCO|1.8|1.2|2.8|420|
P306|MORISCO OPALINO 1.00*1.80|MORISCO OPALINO 1.00*1.80|PLA|Morisco|BLANCO|1.8|1|2.8|350|
P305|MORISCO OPALINO 0.80*1.80|MORISCO OPALINO 0.80*1.80|PLA|Morisco|BLANCO|1.8|0.8|2.8|381|
P304|MORISCO OPALINO 0.70*1.80|MORISCO OPALINO 0.70*1.80|PLA|Morisco|BLANCO|1.8|0.7|2.8|245|
P300|MORISCO CRISTAL 1.20*1.80|MORISCO CRISTAL 1.20*1.80|PLA|Morisco|CRISTAL|1.8|1.2|2.8|420|
P299|MORISCO CRISTAL 1.00*1.80|MORISCO CRISTAL 1.00*1.80|PLA|Morisco|CRISTAL|1.8|1|2.8|350|
P298|MORISCO CRISTAL 0.80*1.80|MORISCO CRISTAL 0.80*1.80|PLA|Morisco|CRISTAL|1.8|0.8|2.8|381|
P297|MORISCO CRISTAL 0.70*1.80|MORISCO CRISTAL 0.70*1.80|PLA|Morisco|CRISTAL|1.8|0.7|2.8|245|
P615|MOSAICO AZUL 120*180|MOSAICO AZUL 120*180|PLA|Mosaico|AZUL|1.8|1.2|2.8|420|
P614|MOSAICO AZUL 100*180|MOSAICO AZUL 100*180|PLA|Mosaico|AZUL|1.8|1|2.8|350|
P613|MOSAICO AZUL 80*180|MOSAICO AZUL 80*180|PLA|Mosaico|AZUL|1.8|0.8|2.8|381|
P612|MOSAICO AZUL 70*180|MOSAICO AZUL 70*180|PLA|Mosaico|AZUL|1.8|0.7|2.8|245|
P608|MOSAICO VERDE 1.20*1.80|MOSAICO VERDE 1.20*1.80|PLA|Mosaico|VERDE|1.8|1.2|2.8|420|
P607|MOSAICO VERDE 1.00*1.80|MOSAICO VERDE 1.00*1.80|PLA|Mosaico|VERDE|1.8|1|2.8|350|
P606|MOSAICO VERDE 0.80*1.80|MOSAICO VERDE 0.80*1.80|PLA|Mosaico|VERDE|1.8|0.8|2.8|381|
P605|MOSAICO VERDE 0.70*1.80|MOSAICO VERDE 0.70*1.80|PLA|Mosaico|VERDE|1.8|0.7|2.8|245|
P601|MOSAICO HUMO 1.20*1.80|MOSAICO HUMO 1.20*1.80|PLA|Mosaico|HUMO|1.8|1.2|2.8|420|
P600|MOSAICO HUMO 1.00*1.80|MOSAICO HUMO 1.00*1.80|PLA|Mosaico|HUMO|1.8|1|2.8|350|
P599|MOSAICO HUMO 0.80*1.80|MOSAICO HUMO 0.80*1.80|PLA|Mosaico|HUMO|1.8|0.8|2.8|381|
P598|MOSAICO HUMO 0.70*1.80|MOSAICO HUMO 0.70*1.80|PLA|Mosaico|HUMO|1.8|0.7|2.8|245|
P594|MOSAICO CRISTAL 1.20*1.80|MOSAICO CRISTAL 1.20*1.80|PLA|Mosaico|CRISTAL|1.8|1.2|2.8|420|
P593|MOSAICO CRISTAL 1.00*1.80|MOSAICO CRISTAL 1.00*1.80|PLA|Mosaico|CRISTAL|1.8|1|2.8|350|
P592|MOSAICO CRISTAL 0.80*1.80|MOSAICO CRISTAL 0.80*1.80|PLA|Mosaico|CRISTAL|1.8|0.8|2.8|381|
P591|MOSAICO CRISTAL 0.70*1.80|MOSAICO CRISTAL 0.70*1.80|PLA|Mosaico|CRISTAL|1.8|0.7|2.8|245|
P461|MUSGO AZUL 1.20*1.80|MUSGO AZUL 1.20*1.80|PLA|Musgo|AZUL|1.8|1.2|2.8|420|
P460|MUSGO AZUL 1.00*1.80|MUSGO AZUL 1.00*1.80|PLA|Musgo|AZUL|1.8|1|2.8|350|
P459|MUSGO AZUL 0.80*1.80|MUSGO AZUL 0.80*1.80|PLA|Musgo|AZUL|1.8|0.8|2.8|381|
P458|MUSGO AZUL 0.70*1.80|MUSGO AZUL 0.70*1.80|PLA|Musgo|AZUL|1.8|0.7|2.8|245|
P454|MUSGO HUMO 1.20*1.80|MUSGO HUMO 1.20*1.80|PLA|Musgo|HUMO|1.8|1.2|2.8|420|
P453|MUSGO HUMO 1.00*1.80|MUSGO HUMO 1.00*1.80|PLA|Musgo|HUMO|1.8|1|2.8|350|
P452|MUSGO HUMO 0.80*1.80|MUSGO HUMO 0.80*1.80|PLA|Musgo|HUMO|1.8|0.8|2.8|381|
P451|MUSGO HUMO 0.70*1.80|MUSGO HUMO 0.70*1.80|PLA|Musgo|HUMO|1.8|0.7|2.8|245|
P447|MUSGO OPALINO 1.20*1.80|MUSGO OPALINO 1.20*1.80|PLA|Musgo|BLANCO|1.8|1.2|2.8|420|
P446|MUSGO OPALINO 1.00*1.80|MUSGO OPALINO 1.00*1.80|PLA|Musgo|BLANCO|1.8|1|2.8|350|
P445|MUSGO OPALINO 0.80*1.80|MUSGO OPALINO 0.80*1.80|PLA|Musgo|BLANCO|1.8|0.8|2.8|381|
P444|MUSGO OPALINO 0.70*1.80|MUSGO OPALINO 0.70*1.80|PLA|Musgo|BLANCO|1.8|0.7|2.8|245|
P440|MUSGO CRISTAL 1.20*1.80|MUSGO CRISTAL 1.20*1.80|PLA|Musgo|CRISTAL|1.8|1.2|2.8|420|
P439|MUSGO CRISTAL 1.00*1.80|MUSGO CRISTAL 1.00*1.80|PLA|Musgo|CRISTAL|1.8|1|2.8|350|
P438|MUSGO CRISTAL 0.80*1.80|MUSGO CRISTAL 0.80*1.80|PLA|Musgo|CRISTAL|1.8|0.8|2.8|381|
P437|MUSGO CRISTAL 0.70*1.80|MUSGO CRISTAL 0.70*1.80|PLA|Musgo|CRISTAL|1.8|0.7|2.8|245|
P97|OLIVO VERDE AGUA 1.20*1.80|OLIVO VERDE AGUA 1.20*1.80|PLA|Olivo|VERDE AGUA|1.8|1.2|2.8|420|
P96|OLIVO VERDE AGUA 1.00*1.80|OLIVO VERDE AGUA 1.00*1.80|PLA|Olivo|VERDE AGUA|1.8|1|2.8|350|
P95|OLIVO VERDE AGUA 0.80*1.80|OLIVO VERDE AGUA 0.80*1.80|PLA|Olivo|VERDE AGUA|1.8|0.8|2.8|381|
P94|OLIVO VERDE AGUA 0.70*1.80|OLIVO VERDE AGUA 0.70*1.80|PLA|Olivo|VERDE AGUA|1.8|0.7|2.8|245|
P90|OLIVO ROSA PASTEL 1.20*1.80|OLIVO ROSA PASTEL 1.20*1.80|PLA|Olivo|ROSA PASTEL|1.8|1.2|2.8|420|
P89|OLIVO ROSA PASTEL 1.00*1.80|OLIVO ROSA PASTEL 1.00*1.80|PLA|Olivo|ROSA PASTEL|1.8|1|2.8|350|
P88|OLIVO ROSA PASTEL 0.80*1.80|OLIVO ROSA PASTEL 0.80*1.80|PLA|Olivo|ROSA PASTEL|1.8|0.8|2.8|381|
P87|OLIVO ROSA PASTEL 0.70*1.80|OLIVO ROSA PASTEL 0.70*1.80|PLA|Olivo|ROSA PASTEL|1.8|0.7|2.8|245|
P83|OLIVO AZUL PASTEL 1.20*1.80|OLIVO AZUL PASTEL 1.20*1.80|PLA|Olivo|AZUL PASTEL|1.8|1.2|2.8|420|
P82|OLIVO AZUL PASTEL 1.00*1.80|OLIVO AZUL PASTEL 1.00*1.80|PLA|Olivo|AZUL PASTEL|1.8|1|2.8|350|
P81|OLIVO AZUL PASTEL 0.80*1.80|OLIVO AZUL PASTEL 0.80*1.80|PLA|Olivo|AZUL PASTEL|1.8|0.8|2.8|381|
P80|OLIVO AZUL PASTEL 0.70*1.80|OLIVO AZUL PASTEL 0.70*1.80|PLA|Olivo|AZUL PASTEL|1.8|0.7|2.8|245|
P76|OLIVO DURAZNO 1.20*1.80|OLIVO DURAZNO 1.20*1.80|PLA|Olivo|DURAZNO|1.8|1.2|2.8|420|
P75|OLIVO DURAZNO 1.00*1.80|OLIVO DURAZNO 1.00*1.80|PLA|Olivo|DURAZNO|1.8|1|2.8|350|
P74|OLIVO DURAZNO 0.80*1.80|OLIVO DURAZNO 0.80*1.80|PLA|Olivo|DURAZNO|1.8|0.8|2.8|381|
P73|OLIVO DURAZNO 0.70*1.80|OLIVO DURAZNO 0.70*1.80|PLA|Olivo|DURAZNO|1.8|0.7|2.8|245|
P48|OLIVO OPALINO 1.20*1.80|OLIVO OPALINO 1.20*1.80|PLA|Olivo|BLANCO|1.8|1.2|2.8|420|
P47|OLIVO OPALINO 1.00*1.80|OLIVO OPALINO 1.00*1.80|PLA|Olivo|BLANCO|1.8|1|2.8|350|
P46|OLIVO OPALINO 0.80*1.80|OLIVO OPALINO 0.80*1.80|PLA|Olivo|BLANCO|1.8|0.8|2.8|381|
P45|OLIVO OPALINO 0.70*1.80|OLIVO OPALINO 0.70*1.80|PLA|Olivo|BLANCO|1.8|0.7|2.8|245|
P261|OPALEN BLANCO 1.20*2.50|OPALEN BLANCO 1.20*2.50|PLA|Opalen|BLANCO|2.5|1.2|2.8|583|
P260|OPALEN BLANCO 1.20*2.20|OPALEN BLANCO 1.20*2.20|PLA|Opalen|BLANCO|2.2|1.2|2.8|514|
P259|OPALEN BLANCO 1.00*2.00|OPALEN BLANCO 1.00*2.00|PLA|Opalen|BLANCO|2|1|2.8|388|
P258|OPALEN BLANCO 1.20*1.80|OPALEN BLANCO 1.20*1.80|PLA|Opalen|BLANCO|1.8|1.2|2.8|420|
P257|OPALEN BLANCO 1.00*1.80|OPALEN BLANCO 1.00*1.80|PLA|Opalen|BLANCO|1.8|1|2.8|350|
P256|OPALEN BLANCO 0.80*1.80|OPALEN BLANCO 0.80*1.80|PLA|Opalen|BLANCO|1.8|0.8|2.8|381|
P255|OPALEN BLANCO 0.70*1.80|OPALEN BLANCO 0.70*1.80|PLA|Opalen|BLANCO|1.8|0.7|2.8|245|
P630|QUAZAR SALMON .70*1.80|QUAZAR SALMON .70*1.80|PLA|Quazar|SALMON|1.8|0.7|2.8|245|
P629|QUAZAR SALMON .80*1.80|QUAZAR SALMON .80*1.80|PLA|Quazar|SALMON|1.8|0.8|2.8|381|
P628|QUAZAR SALMON 1.00*1.80|QUAZAR SALMON 1.00*1.80|PLA|Quazar|SALMON|1.8|1|2.8|350|
P627|QUAZAR SALMON  1.20*1.80|QUAZAR SALMON  1.20*1.80|PLA|Quazar|SALMON|1.8|1.2|2.8|420|
P426|QUAZAR VERDE AGUA 1.20*1.80|QUAZAR VERDE AGUA 1.20*1.80|PLA|Quazar|VERDE AGUA|1.8|1.2|2.8|420|
P425|QUAZAR VERDE AGUA 1.00*1.80|QUAZAR VERDE AGUA 1.00*1.80|PLA|Quazar|VERDE AGUA|1.8|1|2.8|350|
P424|QUAZAR VERDE AGUA 0.80*1.80|QUAZAR VERDE AGUA 0.80*1.80|PLA|Quazar|VERDE AGUA|1.8|0.8|2.8|381|
P423|QUAZAR VERDE AGUA 0.70*1.80|QUAZAR VERDE AGUA 0.70*1.80|PLA|Quazar|VERDE AGUA|1.8|0.7|2.8|245|
P419|QUAZAR AMBAR 1.20*1.80|QUAZAR AMBAR 1.20*1.80|PLA|Quazar|AMBAR|1.8|1.2|2.8|420|
P418|QUAZAR AMBAR 1.00*1.80|QUAZAR AMBAR 1.00*1.80|PLA|Quazar|AMBAR|1.8|1|2.8|350|
P417|QUAZAR AMBAR 0.80*1.80|QUAZAR AMBAR 0.80*1.80|PLA|Quazar|AMBAR|1.8|0.8|2.8|381|
P416|QUAZAR AMBAR 0.70*1.80|QUAZAR AMBAR 0.70*1.80|PLA|Quazar|AMBAR|1.8|0.7|2.8|245|
P412|QUAZAR AZUL 1.20*1.80|QUAZAR AZUL 1.20*1.80|PLA|Quazar|AZUL|1.8|1.2|2.8|420|
P411|QUAZAR AZUL 1.00*1.80|QUAZAR AZUL 1.00*1.80|PLA|Quazar|AZUL|1.8|1|2.8|350|
P410|QUAZAR AZUL 0.80*1.80|QUAZAR AZUL 0.80*1.80|PLA|Quazar|AZUL|1.8|0.8|2.8|381|
P409|QUAZAR AZUL 0.70*1.80|QUAZAR AZUL 0.70*1.80|PLA|Quazar|AZUL|1.8|0.7|2.8|245|
P405|QUAZAR HUMO 1.20*1.80|QUAZAR HUMO 1.20*1.80|PLA|Quazar|HUMO|1.8|1.2|2.8|420|
P404|QUAZAR HUMO 1.00*1.80|QUAZAR HUMO 1.00*1.80|PLA|Quazar|HUMO|1.8|1|2.8|350|
P403|QUAZAR HUMO 0.80*1.80|QUAZAR HUMO 0.80*1.80|PLA|Quazar|HUMO|1.8|0.8|2.8|381|
P402|QUAZAR HUMO 0.70*1.80|QUAZAR HUMO 0.70*1.80|PLA|Quazar|HUMO|1.8|0.7|2.8|245|
P398|QUAZAR OPALINO 1.20*1.80|QUAZAR OPALINO 1.20*1.80|PLA|Quazar|BLANCO|1.8|1.2|2.8|420|
P397|QUAZAR OPALINO 1.00*1.80|QUAZAR OPALINO 1.00*1.80|PLA|Quazar|BLANCO|1.8|1|2.8|350|
P396|QUAZAR OPALINO 0.80*1.80|QUAZAR OPALINO 0.80*1.80|PLA|Quazar|BLANCO|1.8|0.8|2.8|381|
P395|QUAZAR OPALINO 0.70*1.80|QUAZAR OPALINO 0.70*1.80|PLA|Quazar|BLANCO|1.8|0.7|2.8|245|
P391|QUAZAR CRISTAL 1.20*1.80|QUAZAR CRISTAL 1.20*1.80|PLA|Quazar|CRISTAL|1.8|1.2|2.8|420|
P390|QUAZAR CRISTAL 1.00*1.80|QUAZAR CRISTAL 1.00*1.80|PLA|Quazar|CRISTAL|1.8|1|2.8|350|
P389|QUAZAR CRISTAL 0.80*1.80|QUAZAR CRISTAL 0.80*1.80|PLA|Quazar|CRISTAL|1.8|0.8|2.8|381|
P388|QUAZAR CRISTAL 0.70*1.80|QUAZAR CRISTAL 0.70*1.80|PLA|Quazar|CRISTAL|1.8|0.7|2.8|245|
P384|QUAZAR BRONCE 1.20*1.80|QUAZAR BRONCE 1.20*1.80|PLA|Quazar|BRONCE|1.8|1.2|2.8|420|
P383|QUAZAR BRONCE 1.00*1.80|QUAZAR BRONCE 1.00*1.80|PLA|Quazar|BRONCE|1.8|1|2.8|350|
P382|QUAZAR BRONCE 0.80*1.80|QUAZAR BRONCE 0.80*1.80|PLA|Quazar|BRONCE|1.8|0.8|2.8|381|
P381|QUAZAR BRONCE 0.70*1.80|QUAZAR BRONCE 0.70*1.80|PLA|Quazar|BRONCE|1.8|0.7|2.8|245|
P251|TAPIZ HUMO 1.20*1.80|TAPIZ HUMO 1.20*1.80|PLA|Tapiz|HUMO|1.8|1.2|2.8|420|
P250|TAPIZ HUMO 1.00*1.80|TAPIZ HUMO 1.00*1.80|PLA|Tapiz|HUMO|1.8|1|2.8|350|
P249|TAPIZ HUMO 0.80*1.80|TAPIZ HUMO 0.80*1.80|PLA|Tapiz|HUMO|1.8|0.8|2.8|381|
P248|TAPIZ HUMO 0.70*1.80|TAPIZ HUMO 0.70*1.80|PLA|Tapiz|HUMO|1.8|0.7|2.8|245|
P244|TAPIZ CRISTAL 1.20*1.80|TAPIZ CRISTAL 1.20*1.80|PLA|Tapiz|CRISTAL|1.8|1.2|2.8|420|
P243|TAPIZ CRISTAL 1.00*1.80|TAPIZ CRISTAL 1.00*1.80|PLA|Tapiz|CRISTAL|1.8|1|2.8|350|
P242|TAPIZ CRISTAL 0.80*1.80|TAPIZ CRISTAL 0.80*1.80|PLA|Tapiz|CRISTAL|1.8|0.8|2.8|381|
P241|TAPIZ CRISTAL 0.70*1.80|TAPIZ CRISTAL 0.70*1.80|PLA|Tapiz|CRISTAL|1.8|0.7|2.8|245|
P230|TIKAL HUMO 1.20*1.80|TIKAL HUMO 1.20*1.80|PLA|Tikal|HUMO|1.8|1.2|2.8|420|
P229|TIKAL HUMO 1.00*1.80|TIKAL HUMO 1.00*1.80|PLA|Tikal|HUMO|1.8|1|2.8|350|
P228|TIKAL HUMO 0.80*1.80|TIKAL HUMO 0.80*1.80|PLA|Tikal|HUMO|1.8|0.8|2.8|381|
P227|TIKAL HUMO 0.70*1.80|TIKAL HUMO 0.70*1.80|PLA|Tikal|HUMO|1.8|0.7|2.8|245|
P223|TIKAL CRISTAL 1.20*1.80|TIKAL CRISTAL 1.20*1.80|PLA|Tikal|CRISTAL|1.8|1.2|2.8|420|
P222|TIKAL CRISTAL 1.00*1.80|TIKAL CRISTAL 1.00*1.80|PLA|Tikal|CRISTAL|1.8|1|2.8|350|
P221|TIKAL CRISTAL 0.80*1.80|TIKAL CRISTAL 0.80*1.80|PLA|Tikal|CRISTAL|1.8|0.8|2.8|381|
P220|TIKAL CRISTAL 0.70*1.80|TIKAL CRISTAL 0.70*1.80|PLA|Tikal|CRISTAL|1.8|0.7|2.8|245|
B12|BURBUJA  1.20*1.20 COLOR Z01|BURBUJA 120X120 Z01|DOM|BURBUJA|Z01|1.2|1.2|3|954.00|
B1215|BURBUJA  1.20*1.50 COLOR Z01|BURBUJA 120X150 Z01|DOM|BURBUJA|Z01|1.5|1.2|3|1269.00|
B1218|BURBUJA 1.20*1.80 COLOR Z01|BURBUJA 120X180 Z01|DOM|BURBUJA|Z01|1.8|1.2|3|1426.00|
B1224|BUBUJA 1.20*2.40 COLOR Z01|BURBUJA 120X240 Z01|DOM|BURBUJA|Z01|2.4|1.2|3|1909.00|
B15|BURBUJA  1.50*1.50 COLOR Z01 P/VENTILA|BURBUJA 150X150 Z01 CV|DOM|BURBUJA|Z01|1.5|1.5|3|2436.00|
B18|BURBUJA  1.80*1.80 COLOR Z01|BURBUJA 180X180 Z01|DOM|BURBUJA|Z01|1.8|1.8|3|2436.00|
B1824|BURBUJA 1.80*2.40 COLOR Z01|BURBUJA 180X240 Z01|DOM|BURBUJA|Z01|2.4|1.8|3|3178.00|
B4|BURBUJA .44*.44 COLOR Z01 PARA M.P|BURBUJA 44X44 Z01 MP|DOM|BURBUJA|Z01|0.44|0.44|3|214.00|
B412|BURBUJA .44*1.20 COLOR Z01|BURBUJA 44X120 Z01|DOM|BURBUJA|Z01|1.2|0.44|3|382.00|
B46|BURBUJA .44*.60 COLOR Z01|BURBUJA 44X60 Z01|DOM|BURBUJA|Z01|0.6|0.44|3|202.00|
B49|BURBUJA  .44*.90 COLOR Z01|BURBUJA 44X90 Z01|DOM|BURBUJA|Z01|0.9|0.44|3|281.00|
B6|BURBUJA DE .60*.60 PARA MARCO  Z01|BURBUJA 60X60 Z01 MP|DOM|BURBUJA|Z01|0.6|0.6|3|359.00|
B612|BURBUJA .60*1.20 OPALINO|BURBUJA 60X120 Z01|DOM|BURBUJA|Z01|1.2|0.6|3|477.00|
B612H11|BURBUJA .60*1.20 PARA VENTILA H11|BURBUJA 60X120 H11 CV|DOM|BURBUJA|H11|1.2|0.6|3|775.00|
B612M|BURBUJA .60*1.20 PARA MARCO H11|BURBUJA 60X120 H11 MP|DOM|BURBUJA|H11|1.2|0.6|3|606.00|
B618|BURBUJA  .60*1.80 COLOR Z01|BURBUJA 60X180 Z01|DOM|BURBUJA|Z01|1.8|0.6|3|763.00|
B63|BURBUJA .60x.60 COLOR Z01|BURBUJA 60X60 Z01|DOM|BURBUJA|Z01|0.6|0.6|3|236.00|
B69|BURBUJA .60*.90 TRANSPARENTE|BURBUJA 60X90 CRISTAL|DOM|BURBUJA|CRISTAL|0.9|0.6|3|393.00|
B6H11|BURBUJA .60*.60 PARA MARCO COLOR H11|BURBUJA 60X60 H11 MP|DOM|BURBUJA|H11|0.6|0.6|3|359.00|
B9|BURBUJA .90*.90 COLOR CRISTAL|BURBUJA 90X90 CRISTAL|DOM|BURBUJA|CRISTAL|0.9|0.6|3|528.00|
B912|BURBUJA .90*1.20 COLOR Z01|BURBUJA 90X120 Z01|DOM|BURBUJA|Z01|1.2|0.9|3|763.00|
B918|BURBUJA  .90*1.80 COLOR Z01|BURBUJA 90X180 Z01|DOM|BURBUJA|Z01|1.8|0.9|3|1061.00|
B924|BURBUJA .90*2.40 COLOR Z01|BURBUJA 90X240 Z01|DOM|BURBUJA|Z01|2.4|0.9|3|1437.00|
BC12|BURBUJA CIRCULAR  DE 1.20 COLOR Z01|BURBUJA CIRCULAR 120 Z01|DOM|CIRCULAR|Z01|1.2|1.2|3|1386.00|
BC15|BURBUJA CIRCULAR  DE 1.50 COLOR Z01|BURBUJA CIRCULAR 150 Z01|DOM|CIRCULAR|Z01|1.5|1.5|3|2211.00|
BC18|BURBUJA CIRCULAR DE 1.80 COLOR Z01|BURBUJA CIRCULAR 180 Z01|DOM|CIRCULAR|Z01|1.8|1.8|3|3509.00|
BC6|BURBUJA CIRCULAR DE .60 COLOR Z01|BURBUJA CIRCULAR 60 Z01|DOM|CIRCULAR|Z01|0.6|0.6|3|416.00|
BC9|BURBUJA CIRCULAR .90 COLOR Z01|BURBUJA CIRCULAR 90 Z01|DOM|CIRCULAR|Z01|0.9|0.9|3|1017.00|
BP12|BURBUJA PIRAMIDAL 1.20*1.20 COLOR Z01|BURBUJA PIRAMIDAL 120X120 Z01|DOM|PIRAMIDAL|Z01|1.2|1.2|3|1055.00|
BP18|BURBUJA PIRAMIDAL 1.80*1.80 COLOR H11|BURBUJA PIRAMIDAL 180X180 H11|DOM|PIRAMIDAL|H11|1.8|1.8|3|2964.00|
BP1824|BURBUJA PIRAMIDAL 1.80*2.40 M.P CRISTAL|BURBUJA PIRAMIDAL 180X240 CRISTAL|DOM|PIRAMIDAL|CRISTAL|2.4|1.8|3|3711.00|
BP9|BURBUJA PIRAMIDAL .90*.90  COLOR Z01|BURBUJA PIRAMIDAL 90X90 Z01|DOM|PIRAMIDAL|Z01|0.9|0.9|3|590.00|
D6V|DOMO T/BURBUJA DE .60*.60 C.V. Z01|BURBUJA 60X60 Z01 CV|DOM|BURBUJA|Z01|0.6|0.6|3|472.00|
D12|DOMO BURBUJA 1.20*1.20  M.P|BURBUJA 120X120 CRISTAL MP|DOM|BURBUJA|CRISTAL|1.2|1.2|3|1100.00|
D1215|DOMO T-BURBUJA 1.20*1.50 COLOR Z01 M.P.|BURBUJA 120X150 Z01 MP|DOM|BURBUJA|Z01|1.5|1.2|3|1381.00|
D1215V|DOMO T-BURBUJA 1.20*1.50 COLOR Z01 C.V.|BURBUJA 120X150 Z01 CV|DOM|BURBUJA|Z01|1.5|1.2|3|1695.00|
D1218|DOMO T-BURBUJA 1.20*1.80 CRISTAL  M.P|BURBUJA 120X180 CRISTAL MP|DOM|BURBUJA|CRISTAL|1.8|1.2|3|1482.00|
D1218V|DOMO T-BURBUJA 1.20*1.80 COLOR Z01 C.V.|BURBUJA 120X180 Z01 CV|DOM|BURBUJA|Z01|1.8|1.2|3|1802.00|
D1224|DOMO T-BURBUJA 1.20*2.40 COLOR H11 M.P.|BURBUJA 120X240 H11 MP|DOM|BURBUJA|H11|2.4|1.2|3|2099.00|
D1224CV|DOMO T-BURBUJA 1.20*2.40 CRISTAL C.V.|BURBUJA 120X240 CRISTAL CV|DOM|BURBUJA|CRISTAL|2.4|1.2|3|2346.00|
D1224V|DOMO T-BURBUJA 1.20*2.40 COLOR Z01 C.V.|BURBUJA 120X240 Z01 CV|DOM|BURBUJA|Z01|2.4|1.2|3|2346.00|
D12V|DOMO T-BURBUJA 1.20*1.20 COLOR Z01 C.V.|BURBUJA 120X120 Z01 CV|DOM|BURBUJA|Z01|1.2|1.2|3|1325.00|
D143V|DOMO T-BURBUJA DE 1.43*.81 C.V CRISTAL|BURBUJA 81X143 CRISTAL CV|DOM|BURBUJA|CRISTAL|1.43|0.81|3|1603.00|
D15|DOMO T-BURBUJA 1.50*1.50 COLOR Z01 M.P|BURBUJA 150X150 Z01 MP|DOM|BURBUJA|Z01|1.5|1.5|3|2189.00|
D152MP|DOMO T-BURBUJA DE 1.50*2.00 Z01 M.P.|BURBUJA 150X200 Z01 MP|DOM|BURBUJA|Z01|2|1.5|3|4840.00|
D15V|DOMO T-BURBUJA 1.50*1.50 COLOR Z01 C.V.|BURBUJA 150X150 Z01 CV|DOM|BURBUJA|Z01|1.5|1.5|3|2436.00|
D18|DOMO T-BURBUJA 1.80*1.80 COLOR Z01 M.P.|BURBUJA 180X180 Z01 MP|DOM|BURBUJA|Z01|1.8|1.8|3|2751.00|
D1824|DOMO T-BURBUJA  1.80*2.40 COLOR  Z01 M.P|BURBUJA 180X240 Z01 MP|DOM|BURBUJA|Z01|2.4|1.8|3|3604.00|
D1824V|DOMO T-BURBUJA 1.80*2.40 COLOR Z01 C.V..|BURBUJA 180X240 Z01 CV|DOM|BURBUJA|Z01|2.4|1.8|3|4238.00|
D18V|DOMO T-BURBUJA 1.80*1.80 COLOR H11 C.V.|BURBUJA 180X180 H11 CV|DOM|BURBUJA|H11|1.8|1.8|3|3179.00|
D412|DOMO T-BURBUJA .44*1.20 COLOR Z01 M.P.|BURBUJA 44X120 Z01 MP|DOM|BURBUJA|Z01|1.2|0.44|3|499.00|
D412V|DOMO T-BURBUJA  .44*1.20 COLOR Z01 C.V|BURBUJA 44X120 Z01 CV|DOM|BURBUJA|Z01|1.2|0.44|3|663.00|
D46|DOMO T-BURBUJA .44*.60 COLOR Z01 M.P.|BURBUJA 44X60 Z01 MP|DOM|BURBUJA|Z01|0.6|0.44|3|281.00|
D46H11|DOMO T-BURBUJA .44*.60 COLOR H11 M.P.|BURBUJA 44X60 H11 MP|DOM|BURBUJA|H11|0.6|0.44|3|281.00|
D46V|DOMO T-BURBUJA .44*.60 COLOR Z01 C.V.|BURBUJA 44X60 Z01 CV|DOM|BURBUJA|Z01|0.6|0.44|3|382.00|
D49|DOMO T-BURBUJA .44*.90 COLOR Z01 M.P.|BURBUJA 44X90 Z01 MP|DOM|BURBUJA|Z01|0.9|0.44|3|371.00|
D49V|DOMO T-BURBUJA  .44*.90 COLOR Z01 C.V.|BURBUJA 44X90 Z01 CV|DOM|BURBUJA|Z01|0.9|0.44|3|506.00|
D4CV|DOMO T-BURBUJA .44*.44 CRISTAL 3MM C.V.|BURBUJA 44X44 CRISTAL CV|DOM|BURBUJA|CRISTAL|0.44|0.44|3|303.00|
D4V|DOMO T-BURBUJA  .44*.44 COLOR Z01 CV|BURBUJA 44X44 Z01 CV|DOM|BURBUJA|Z01|0.44|0.44|3|303.00|
D51|DOMO BURBUJA .51*.51 COLOR H11 C.V.|BURBUJA 51X51 H11 CV|DOM|BURBUJA|H11|0.51|0.51|3|628.00|
D6|DOMO T-BURBUJA COLOR Z01 DE .60*.60  M.P|BURBUJA 60X60 Z01 MP|DOM|BURBUJA|Z01|0.6|0.6|3|359.00|
D612|DOMO T-BURBUJA.60*1.20 COLOR Z01 M.P.|BURBUJA 60X120 Z01 MP|DOM|BURBUJA|Z01|1.2|0.6|3|606.00|
D612AI|DOMO T-BURBUJA DE .60*1.20 C.V. Z01 A.I.|BURBUJA IMPACTA 60X120 Z01 CV|DOM|BURBUJA|Z01|1.2|0.6|3|1042.00|
D612V|DOMO T-BURBUJA .60*1.20 Z01 C.V.|BURBUJA 60X120 Z01 CV|DOM|BURBUJA|Z01|1.2|0.6|3|775.00|
D618|DOMO T-BURBUJA .60*1.80 COLOR Z01 M.P.|BURBUJA 60X180 Z01 MP|DOM|BURBUJA|Z01|1.8|0.6|3|848.00|
D618V|DOMO T-BURBUJA .60*1.80 CRISTAL  C.V.|BURBUJA 60X180 CRISTAL CV|DOM|BURBUJA|CRISTAL|1.8|0.6|3|1083.00|
D69|DOMO T-BURBUJA .60*.90 COLOR Z01 M.P.|BURBUJA 60X90 Z01 MP|DOM|BURBUJA|Z01|0.9|0.6|3|467.00|
D69A|DOMO T-BURBUJA .60*.90 M.P. ABATIBLE Z01|BURBUJA ABATIBLE 60X90 Z01 MP|DOM|BURBUJA|Z01|0.9|0.6|3|1028.00|
D69C|DOMO T-BURBUJA  .60*.90 CRISTAL M.P.|BURBUJA 60X90 CRISTAL MP|DOM|BURBUJA|CRISTAL|0.9|0.6|3|467.00|
D69COLOCACION|SUM Y COL DOMO .60*.90 M.P Z01 ACR. 3MM|BURBUJA Y COLOCACION 60X90 Z01 MP|DOM|BURBUJA|Z01|0.9|0.6|3|667.00|
D69V|DOMO T-BURBUJA .60*.90 COLOR Z01 C.V.|BURBUJA 60X90 Z01 CV|DOM|BURBUJA|Z01|0.9|0.6|3|595.00|
D6CV|DOMO T-BURBUJA .60*.60 CRISTAL C.V.|BURBUJA 60X60 CRISTAL CV|DOM|BURBUJA|CRISTAL|0.6|0.6|3|472.00|
D6VH11|DOMO T-BURBUJA .60*.60 C.V. COLOR H11|BURBUJA 60X60 H11 CV|DOM|BURBUJA|H11|0.6|0.6|3|472.00|
D9|DOMO T-BURBUJA .90*.90 COLOR Z01 M.P.|BURBUJA 90X90 Z01 MP|DOM|BURBUJA|Z01|0.9|0.9|3|663.00|
D912|DOMO BURBUJA .90*1.20 COLOR OPALINO M.P.|BURBUJA 90X120 Z01 MP|DOM|BURBUJA|Z01|1.2|0.9|3|848.00|
D912V|DOMO T-BURBUJA .90*1.20 COLOR Z01 C.V.|BURBUJA 90X120 Z01 CV|DOM|BURBUJA|Z01|1.2|0.9|3|1083.00|
D918|DOMO T-BURBUJA .90*1.80 COLOR Z01 M.P.|BURBUJA 90X180 Z01 MP|DOM|BURBUJA|Z01|1.8|0.9|3|1189.00|
D918H11|DOMO T-BURBUJA .90*1.80 COLOR H11 M.P.|BURBUJA 90X180 H11 MP|DOM|BURBUJA|H11|1.8|0.9|3|1189.00|
D918V|DOMO T-BURBUJA .90*1.80 COLOR Z01 C.V|BURBUJA 90X180 Z01 CV|DOM|BURBUJA|Z01|1.8|0.9|3|1443.00|
D924|DOMO T-BURBUJA .90*2.40 COLOR Z01 M.P.|BURBUJA 90X240 Z01 MP|DOM|BURBUJA|Z01|2.4|0.9|3|1527.00|
D924V|DOMO T-BURBUJA .90*2.40 COLOR Z01 C.V.|BURBUJA 90X240 Z01 CV|DOM|BURBUJA|Z01|2.4|0.9|3|1841.00|
D94VH11|DOMO T-BURBUJA .90*.44 C.V. COLOR H11|BURBUJA 44X90 H11 CV|DOM|BURBUJA|H11|0.9|0.9|3|506.00|
D9C|DOMO T-BURBUJA .90*.90 COLOR CRISTAL M.P|BURBUJA 90X90 CRISTAL MP|DOM|BURBUJA|CRISTAL|0.9|0.9|3|663.00|
D9V|DOMO T-BURBUJA .90*.90 COLOR Z01 C.V.|BURBUJA 90X90 Z01 CV|DOM|BURBUJA|Z01|0.9|0.9|3|954.00|
DC1|DOMO CIRCULAR 1.20 COLOR Z01 M.P.|DOMO CIRCULAR 120 Z01 MP|DOM|CIRCULAR|Z01|1.2|1.2|3|1841.00|
DC12V|DOMO CIRCULAR 1.20 COLOR Z01 C.V.|DOMO CIRCULAR 120 Z01 CV|DOM|CIRCULAR|Z01|1.2|1.2|3|2717.00|
DC15|DOMO CIRCULAR 1.50 COLOR Z01 M.P|DOMO CIRCULAR 150 Z01 MP|DOM|CIRCULAR|Z01|1.5|1.5|3|3143.00|
DC15V|DOMO CIRCULAR 1.50 COLOR Z01 C.V.|DOMO CIRCULAR 150 Z01 CV|DOM|CIRCULAR|Z01|1.5|1.5|3|4233.00|
DC18|DOMO CIRCULAR 1.80  TRANSPARENTE  M.P.|DOMO CIRCULAR 180 CRISTAL MP|DOM|CIRCULAR|CRISTAL|1.8|1.8|3|4042.00|
DC18V|DOMO CIRCULAR 1.80 COLOR Z01 C.V.|DOMO CIRCULAR 180 Z01 CV|DOM|CIRCULAR|Z01|1.8|1.8|3|5333.00|
DC6|DOMO CIRCULAR 0.60 COLOR Z01 M.P|DOMO CIRCULAR 60 Z01 MP|DOM|CIRCULAR|Z01|0.6|0.6|3|673.00|
DC6V|DOMO CIRCULAR  0.60 COLOR Z01 C.V.|DOMO CIRCULAR 60 Z01 CV|DOM|CIRCULAR|Z01|0.6|0.6|3|1112.00|
DC9|DOMO CIRCULAR 0.90 COLOR Z01 M.P.|DOMO CIRCULAR 90 Z01 MP|DOM|CIRCULAR|Z01|0.9|0.9|3|1167.00|
DC9V|DOMO CIRCULAR  0.90 COLOR Z01 C.V.|DOMO CIRCULAR 90 Z01 CV|DOM|CIRCULAR|Z01|0.9|0.9|3|1830.00|
DP12|DOMO PIRAMIDAL 1.20*1.20 COLOR Z01 M.P.|DOMO PIRAMIDAL 120X120 Z01 MP|DOM|PIRAMIDAL|Z01|1.2|1.2|3|1236.00|
DP12V|DOMO PIRAMIDAL 1.20*1.20 COLOR Z01 C.V|DOMO PIRAMIDAL 120X120 Z01 CV|DOM|PIRAMIDAL|Z01|1.2|1.2|3|1443.00|
DP18|DOMO PIRAMIDAL 1.80*1.80 COLOR Z01  M.P|DOMO PIRAMIDAL 180X180 Z01 MP|DOM|PIRAMIDAL|Z01|1.8|1.8|3|3178.00|
DP1824|DOMO PIRAMIDAL 1.80*2.40 COLOR Z01 M.P.|DOMO PIRAMIDAL 180X240 Z01 MP|DOM|PIRAMIDAL|Z01|2.4|1.8|3|4238.00|
DP1824V|DOMO PIRAMIDAL 1.80*2.40 COLOR Z01 C.V.|DOMO PIRAMIDAL 180X240 Z01 CV|DOM|PIRAMIDAL|Z01|2.4|1.8|3|4771.00|
DP18V|DOMO PIRAMIDAL 1.80*1.80 COLOR H11 C.V.|DOMO PIRAMIDAL 180X180 H11 CV|DOM|PIRAMIDAL|H11|1.8|1.8|3|3604.00|
DP90|DOMO PIRAMIDAL .90*.90 COLOR Z01 M.P.|DOMO PIRAMIDAL 90X90 Z01 MP|DOM|PIRAMIDAL|Z01|0.9|0.9|3|725.00|
DP9V|DOMO PIRAMIDAL .90*.90 COLOR H11 C.V.|DOMO PIRAMIDAL 90X90 H11 CV|DOM|PIRAMIDAL|H11|0.9|0.9|3|915.00|
DPPV|DOMO PIRAMIDAL .90*.90 COLOR Z01 C.V.|DOMO PIRAMIDAL 90X90 Z01 CV|DOM|PIRAMIDAL|Z01|0.9|0.9|3|915.00|
ENERO|MANTENIMIENTO DEL MES DE ENERO|MANTENIMIENTO DEL MES DE ENERO|DOM|MANTENIMIENTO|CRISTAL|1|1|3|97000.00|
FEBRERO|MANTENIMIENTO DEL MES DE FEBRERO|MANTENIMIENTO DEL MES DE FEBRERO|DOM|MANTENIMIENTO|CRISTAL|1|1|3|97000.00|
JULIO|MANTENIMIENTO  DEL MES DE JULIO|MANTENIMIENTO  DEL MES DE JULIO|DOM|MANTENIMIENTO|CRISTAL|1|1|3|97000.00|
JUNIO|MANTENIMIENTO DEL MES DE JUNIO|MANTENIMIENTO DEL MES DE JUNIO|DOM|MANTENIMIENTO|CRISTAL|1|1|3|97000.00|
MARZO|MANTENIMIENTO DEL MES DE MARZO|MANTENIMIENTO DEL MES DE MARZO|DOM|MANTENIMIENTO|CRISTAL|1|1|3|97000.00|
MAYO|MANTENIMIENTO DEL MES DE MAYO|MANTENIMIENTO DEL MES DE MAYO|DOM|MANTENIMIENTO|CRISTAL|1|1|3|97000.00|
NOVIEMBRE|MANTENIMIENTO DEL MES DE NOVIEMBRE|MANTENIMIENTO DEL MES DE NOVIEMBRE|DOM|MANTENIMIENTO|CRISTAL|1|1|3|97000.00|
OCTUBRE|MANTENIMIENTO DEL MES DE OCTUBRE|MANTENIMIENTO DEL MES DE OCTUBRE|DOM|MANTENIMIENTO|CRISTAL|1|1|3|97000.00|
SEPTIEMBRE|MANTENIMIENTO DEL MES DE SEPTIEMBRE|MANTENIMIENTO DEL MES DE SEPTIEMBRE|DOM|MANTENIMIENTO|CRISTAL|1|1|3|97000.00|